match_id,player1,player2,elapsed_time,set_no,game_no,point_no,p1_sets,p2_sets,p1_games,p2_games,p1_score,p2_score,server,serve_no,point_victor,p1_points_won,p2_points_won,game_victor,set_victor,p1_ace,p2_ace,p1_winner,p2_winner,winner_shot_type,p1_double_fault,p2_double_fault,p1_unf_err,p2_unf_err,p1_net_pt,p2_net_pt,p1_net_pt_won,p2_net_pt_won,p1_break_pt,p2_break_pt,p1_break_pt_won,p2_break_pt_won,p1_break_pt_missed,p2_break_pt_missed,p1_distance_run,p2_distance_run,rally_count,speed_mph,serve_width,serve_depth,return_depth,set_id,game_id,critical_points_p1,faults_p1,points_diff,p1_ave_distance_run,p2_ave_distance_run,distance_diff_p1_p2,distance_diff_p2_p1,p1_distance_last_n,p2_distance_last_n,fatigue_p1,next_point_winner,momentum_km,momentum_km_idx,momentum_km_sig,next_point_p1_win_rate,momentum_km_np,p1_cur_win_rate_as_server,p1_cur_win_rate_as_receiver,momentum_rf,momentum_normalized,momentum_normalized_average
5,Daniil Medvedev,Marton Fucsovics,00:00:00,1,1,1,0,0,0,0,0,0,1,1,1,1,0,0,0,0,0,0,0,0,0,0,0,0,0,0,0,0,0,0,0,0,0,0,15.431,15.414,3,0.8697556250194959,1,1,1,15,154,-0.5081930953251244,0.3914277981342635,0.8099984339846871,0.1058848322590625,0.1135215503516278,0.0042499999999998,-0.0042499999999998,0.3523383051794286,0.2366895507619671,-0.2707749537569938,1,0.9759546040275388,2,0.9759546040275388,0.09000000000000008,0.07509803921568625,1.0,0.0,0.9099999999999999,0.726304784304049,0.726304784304049
5,Daniil Medvedev,Marton Fucsovics,00:00:21,1,1,2,0,0,0,0,1,0,1,1,1,2,0,0,0,0,0,1,0,1,0,0,0,0,0,0,0,0,0,0,0,0,0,0,7.582,8.545,3,-1.6388135585900138e-16,3,1,1,16,155,-0.3205301911444292,0.2419049448320418,0.740774899182154,-0.4758301965554826,-0.3912682119214213,-0.24075,0.24075,0.085841750877679,0.0519952733401903,-0.0794918605864509,2,0.824527949029658,2,0.824527949029658,0.6699999999999999,0.13580952380952402,1.0,0.0,0.33000000000000007,0.6951966517827042,0.7107507180433765
5,Daniil Medvedev,Marton Fucsovics,00:00:41,1,1,3,0,0,0,0,2,0,1,2,2,2,1,0,0,0,0,0,0,0,0,0,0,0,0,0,0,0,0,0,0,0,0,0,9.989,10.337,2,-2.004702727472078,1,1,0,16,155,0.4767838401704422,0.1422264181216434,0.759510916949111,-0.2974395640727955,-0.2595775358414527,-0.1159999999999996,0.1159999999999996,-0.2756386641162275,-0.2145981627846984,-0.1800836472990972,1,0.46928004318302674,2,0.46928004318302674,0.15999999999999992,0.005098039215686225,0.6666666666666666,0.0,0.5066666666666667,0.6152133381186076,0.6789049247351202
5,Daniil Medvedev,Marton Fucsovics,00:01:11,1,1,4,0,0,0,0,2,1,1,2,1,3,1,0,0,0,0,0,0,0,0,0,0,0,0,0,0,0,0,0,0,0,0,0,5.464,6.812,1,-1.84044796447256,2,1,0,16,155,0.289128681221204,0.0425618018128381,0.7211151780228631,-0.632802095017606,-0.5186230900724177,-0.6739999999999999,0.6739999999999999,-0.3607996874444196,-0.4452221741020492,-0.1189067456532503,2,0.45416182985504555,2,0.45416182985504555,0.77,0.03580952380952226,0.75,0.0,-0.020000000000000018,0.6116282894371414,0.6620857659106255
5,Daniil Medvedev,Marton Fucsovics,00:01:39,1,1,5,0,0,0,0,3,1,1,2,2,3,2,0,0,0,0,0,0,0,0,0,1,0,0,0,0,0,0,0,0,0,0,0,5.772,9.738,2,-0.937046767975208,2,1,1,16,155,0.1952951697543999,0.0425559751020559,0.7502601055951177,-0.6099752089334067,-0.303596908035594,-1.3219999999999998,1.3219999999999998,-0.1981573136362258,-0.2438879737824547,-0.2440970824580619,1,0.39981839136332586,2,0.39981839136332586,0.3400000000000001,0.132051282051282,0.6,0.0,0.2599999999999999,0.598644025904056,0.6493974179093116
5,Daniil Medvedev,Marton Fucsovics,00:02:04,1,1,6,0,0,0,0,3,2,1,1,1,4,2,1,0,0,0,0,0,0,0,0,0,0,0,0,0,0,0,0,0,0,0,0,5.594,6.557,1,0.7055008620199773,2,0,0,16,155,0.1014743243724418,0.2916613434806364,0.7211151780228631,-0.6231673703716777,-0.5373625556976364,-0.4815,0.4815,-0.7657684824042436,-0.5447661533557767,-0.6174641031274516,1,0.5320157636732573,2,0.5320157636732573,0.20999999999999996,0.0449019607843136,0.6666666666666666,0.0,0.45666666666666667,0.6299531340029829,0.6461567039249235
5,Daniil Medvedev,Marton Fucsovics,00:03:07,1,2,7,0,0,1,0,0,0,2,2,1,5,2,0,0,0,0,0,0,0,0,0,0,1,0,0,0,0,0,0,0,0,0,0,24.558,20.562,6,-1.5940658199732822,3,1,1,16,155,0.1014611825219419,0.1919764418127679,0.759510916949111,0.7823166156697332,0.4918382916795734,0.5708571428571427,-0.5708571428571427,-1.0585783343718869,-0.806541991909894,-0.6199707046897663,2,0.7439739448032824,2,0.7439739448032824,0.55,0.07794871794871776,0.0,1.0,0.44999999999999996,0.6778642366148376,0.6506863514520541
5,Daniil Medvedev,Marton Fucsovics,00:03:49,1,2,8,0,0,1,0,1,0,2,1,2,5,3,0,0,0,0,0,0,0,0,0,0,0,0,0,0,0,0,0,0,0,0,0,7.275,5.752,1,-0.1157729529776153,2,1,0,16,156,0.007652603775471,-0.2066266852876404,0.8249137318359602,-0.4985829693731746,-0.5965204765929348,0.7615000000000003,-0.7615000000000003,-0.5532677674304707,-0.4513697832721131,-0.1704591312203147,1,0.7917515073085586,2,0.7917515073085586,0.1399999999999999,0.02509803921568647,0.0,0.5,0.3600000000000001,0.6882072893838788,0.6553764686935322
5,Daniil Medvedev,Marton Fucsovics,00:04:30,1,2,9,0,0,1,0,1,1,2,1,1,6,3,0,0,0,0,1,0,1,0,0,0,0,0,0,0,0,0,0,0,0,0,0,45.465,39.343,10,0.4591187175206995,2,1,1,16,156,0.0076516181354582,-0.1567760789524744,0.8249137318359602,2.331802678534518,1.8720183070020568,0.5565454545454549,-0.5565454545454549,-0.634053163205624,-0.5868831873333784,0.1501813566227365,1,0.855572245257768,0,0.855572245257768,0.18999999999999995,0.0249019607843136,0.0,0.6666666666666666,0.4766666666666667,0.7017347401438301,0.6605273877435652
5,Daniil Medvedev,Marton Fucsovics,00:05:20,1,2,10,0,0,1,0,2,1,2,2,1,7,3,0,0,0,0,0,0,0,0,0,0,1,0,0,0,0,0,0,0,0,0,0,18.553,17.717,4,-2.1689574904715965,4,1,1,16,156,0.5704109382294034,-0.0571107102716444,0.8519528019683106,0.337266450294355,0.2827646457825249,0.1672000000000006,-0.1672000000000006,0.5566235561760674,0.3745969757019596,0.3689821614720194,2,1.059116573987676,2,-1.059116573987676,0.3799999999999999,0.09205128205128224,0.0,0.75,0.3700000000000001,0.25747831474850247,0.620222480444059
5,Daniil Medvedev,Marton Fucsovics,00:06:07,1,2,11,0,0,1,0,3,1,2,1,2,7,4,0,0,0,0,0,0,0,0,0,0,0,0,0,0,0,1,0,0,0,1,0,7.25,6.381,1,-0.6085372419761709,4,0,0,16,156,0.3827476162181238,-0.3560313617256475,0.9046505351008906,-0.5004358010358532,-0.5502964613840619,0.4344999999999999,-0.4344999999999999,0.937065023899809,0.6104228101632106,0.3661707559681509,2,1.0857108460308507,2,1.0857108460308507,0.79,0.015809523809529102,0.0,0.6,-0.19000000000000006,0.7475731858157967,0.6317998172960352
5,Daniil Medvedev,Marton Fucsovics,00:06:37,1,2,12,0,0,1,0,3,2,2,2,2,7,5,0,0,0,0,0,1,1,0,0,0,0,0,1,0,1,1,0,0,0,1,0,19.078,11.126,3,-2.004702727472078,4,0,0,16,156,-0.3676399196494277,-0.2563384309616592,0.9046505351008906,0.3761759152106037,-0.2015954245540112,1.988,-1.988,0.9863578077626146,0.6052209870193099,0.4690348313901699,2,0.497077049952314,0,0.497077049952314,0.72,0.08580952380952461,0.0,0.5,-0.21999999999999997,0.6217721816192532,0.6309641809896367
5,Daniil Medvedev,Marton Fucsovics,00:07:16,1,2,13,0,0,1,0,3,3,2,2,2,7,6,0,0,0,0,0,0,0,0,0,0,0,0,0,0,0,0,0,0,0,0,0,69.263,66.178,15,-1.265556293974245,2,1,0,16,156,-1.6803554490736263,-0.1068394880001408,0.8641271029909058,4.095550194871446,3.844071483679487,0.1928125000000005,-0.1928125000000005,0.8232391751731379,0.3263323325542938,1.123102808616162,2,1.1815984863791076,0,1.1815984863791076,0.76,0.04580952380952435,0.0,0.42857142857142855,-0.33142857142857146,0.7652350941356638,0.6412927127701002
5,Daniil Medvedev,Marton Fucsovics,00:08:24,1,2,14,0,0,1,0,3,4,2,1,2,7,7,2,0,0,0,0,0,0,0,0,0,0,0,0,0,0,0,0,0,0,0,0,7.397,13.273,1,0.4591187175206995,4,1,1,16,156,-1.0236742484331247,-0.0570036475796805,0.7941296281990528,-0.4895411508593035,-0.0438164727997184,-2.938,2.938,2.6683847585593603,2.1122719080845056,0.9779413560073896,1,0.6678313291351483,0,0.6678313291351483,0.16999999999999993,0.004901960784313842,0.0,0.375,0.20500000000000007,0.6610173875656201,0.6427016181126374
5,Daniil Medvedev,Marton Fucsovics,00:08:58,1,3,15,0,0,1,1,0,0,1,1,1,8,7,0,0,0,0,0,0,0,0,0,0,0,0,0,0,0,0,0,0,0,0,0,6.352,8.612,1,0.8697556250194959,3,0,1,16,156,-0.5546889753616024,-0.056995832808861,0.679178699175393,-0.5669895143592653,-0.3863445091885206,-1.13,1.13,1.535246053191439,1.3417518548942788,-0.2909820170680347,2,0.9367985655434659,2,-0.9367985655434659,0.94,0.1341904761904766,0.7142857142857143,0.0,-0.22571428571428565,0.28154747079002845,0.6186246749577968
5,Daniil Medvedev,Marton Fucsovics,00:09:16,1,3,16,0,0,1,1,1,0,1,2,2,8,8,0,0,0,0,0,0,0,0,0,1,0,0,0,0,0,0,0,0,0,0,0,6.912,9.81,2,-1.9225753459723192,0,1,0,16,157,-0.3201954070223488,-0.0071668596432684,0.6570104626734988,-0.5254860851152666,-0.298305764800238,-0.9660000000000002,0.9660000000000002,1.1720689662892108,1.0726461746373932,-0.5913944748078691,2,0.7353516829459266,2,-0.7353516829459266,0.5900000000000001,0.11794871794871795,0.625,0.0,0.03499999999999992,0.32402143784806636,0.5918057851940647
5,Daniil Medvedev,Marton Fucsovics,00:09:42,1,3,17,0,0,1,1,1,1,1,2,2,8,9,0,0,0,0,0,0,0,0,0,0,0,0,0,0,0,0,0,0,0,0,0,6.36,9.22,2,-0.6906646234759302,2,1,0,16,157,-0.2263856618872162,0.2917594454530483,0.5866175789173301,-0.5663966082272082,-0.3416637440899598,-0.9533333333333336,0.9533333333333336,1.1620079995346049,1.1739930585034954,-0.6116441025079312,2,0.7230751662971129,2,-0.7230751662971129,0.28,0.11490196078431365,0.5555555555555556,0.0,0.27555555555555555,0.32671617013058674,0.5672404197505901
5,Daniil Medvedev,Marton Fucsovics,00:10:08,1,3,18,0,0,1,1,1,2,1,2,2,8,10,0,0,0,0,0,0,0,0,0,0,0,0,0,0,0,0,0,0,0,0,0,14.808,13.2,2,-1.9225753459723192,2,1,1,16,157,0.0080629185544917,0.1920773441610805,0.4625701546562504,0.059712267225114,-0.0491811041355654,0.5360000000000005,-0.5360000000000005,0.7834418007621651,1.1176596783201211,-0.7472879479174851,1,0.5931932600884362,2,-0.5931932600884362,0.15999999999999992,0.005098039215686225,0.5,0.0,0.3400000000000001,0.35590250805430773,0.5499530310796368
5,Daniil Medvedev,Marton Fucsovics,00:10:40,1,3,19,0,0,1,1,1,3,1,2,1,9,10,0,0,0,0,0,0,0,0,0,0,1,0,1,0,0,0,1,0,0,0,1,31.083,38.099,7,-1.4298110569737636,0,1,1,16,157,0.0080618803633686,0.0924094891746037,0.320821300824607,1.2659056796288244,1.780599109991185,-0.8769999999999998,0.8769999999999998,-0.8374751951611868,-0.4481481996204927,-0.4311083374904241,2,0.46265987176693135,2,-0.46265987176693135,0.6699999999999999,0.13580952380952402,0.5454545454545454,0.0,-0.12454545454545451,0.38635501833785235,0.5349348130063508
5,Daniil Medvedev,Marton Fucsovics,00:11:22,1,3,20,0,0,1,1,2,3,1,2,2,9,11,2,0,0,0,0,1,0,0,0,0,0,0,0,0,0,0,1,0,1,0,0,25.96,28.898,10,0.7055008620199773,3,0,1,16,157,0.5706550670980993,-0.2563472834457095,0.320821300824607,0.8862234153127442,1.1044350973729986,-0.2670909090909092,0.2670909090909092,-0.132433601819152,0.2856044218026197,-0.6704928887441136,1,0.5644808789354222,2,-0.5644808789354222,0.6799999999999999,0.12580952380952376,0.5,0.0,-0.17999999999999994,0.36251130606102155,0.519192631683482
5,Daniil Medvedev,Marton Fucsovics,00:13:26,1,4,21,0,0,1,2,0,0,2,1,1,10,11,0,0,0,0,0,0,0,0,0,0,1,0,0,0,0,0,0,0,0,0,0,8.906,5.755,2,0.5412460990204588,4,0,0,16,157,-2.99068424782899,-0.1566708496167175,0.259225100817846,-0.3777042317000286,-0.5963000122914617,1.0503333333333338,-1.0503333333333338,0.4512215346433416,0.8851736507637606,-0.678619782443193,2,2.48711768630344,0,-2.48711768630344,0.94,0.1341904761904766,0.0,0.4444444444444444,-0.4955555555555555,0.07676622703475182,0.4823135045522665
5,Daniil Medvedev,Marton Fucsovics,00:13:49,1,4,22,0,0,1,2,1,0,2,1,2,10,12,0,0,0,0,0,0,0,0,0,0,0,0,0,0,0,0,0,0,0,0,0,5.063,5.037,1,0.7055008620199773,3,1,0,16,158,-2.0527819470918867,-0.4057469538241611,0.2788848219771369,-0.6625215148869694,-0.6490644684440384,0.0129999999999999,-0.0129999999999999,0.5105752852607535,0.7653248277608311,-0.1446460164047222,2,1.4526129941436046,0,1.4526129941436046,0.8500000000000001,0.04419047619047654,0.0,0.4,-0.45000000000000007,0.8104002506106418,0.49114923881865347
5,Daniil Medvedev,Marton Fucsovics,00:14:15,1,4,23,0,0,1,2,1,1,2,1,2,10,13,0,0,0,0,0,0,0,0,0,0,0,0,1,0,1,0,0,0,0,0,0,5.276,9.059,1,-0.1979003344773746,2,1,1,16,158,-1.021909359480039,-0.2562306073592438,0.2404890830508889,-0.6467353891209484,-0.3534953282690196,-1.8915,1.8915,0.4719685578029882,0.6416928606532468,-0.069216914342487,2,0.6144490415261203,0,0.6144490415261203,0.6299999999999999,0.15794871794871798,0.0,0.36363636363636365,-0.26636363636363625,0.6489550193742368,0.4885324208180107
5,Daniil Medvedev,Marton Fucsovics,00:14:43,1,4,24,0,0,1,2,1,2,2,2,2,10,14,0,0,0,0,0,0,0,0,0,1,0,0,0,0,0,0,0,0,0,0,0,11.421,9.907,1,-2.333212253471116,4,0,0,16,158,-0.7407013910251208,-0.1565560028063854,0.1750862681640398,-0.1913093664345705,-0.2911774190526058,0.7569999999999997,-0.7569999999999997,0.188237388853555,0.5193022377050025,-0.7720043014434398,2,1.2089203303956768,0,1.2089203303956768,0.9199999999999999,0.11419047619047545,0.0,0.3333333333333333,-0.5866666666666667,0.7701078582017555,0.49309062868853903
5,Daniil Medvedev,Marton Fucsovics,00:15:17,1,4,25,0,0,1,2,1,3,2,1,2,10,15,2,0,0,0,0,0,0,0,0,1,0,0,0,0,0,0,0,0,0,0,0,21.64,20.108,5,0.8697556250194959,3,1,0,16,158,-0.740582254090663,0.2420206586492877,0.1043312231190012,0.5660541040018975,0.4584746940566349,0.2553333333333336,-0.2553333333333336,-0.397025120995769,-0.3139352513452028,-0.3261153759883167,1,0.8471368896366018,0,0.8471368896366018,0.55,0.07794871794871776,0.0,0.3076923076923077,-0.24230769230769234,0.6999661950541252,0.5225898207089139
5,Daniil Medvedev,Marton Fucsovics,00:15:56,1,5,26,0,0,1,3,0,0,1,1,1,11,15,0,0,0,0,1,0,0,0,0,0,0,1,0,1,0,0,0,0,0,0,0,16.717,25.903,5,-0.3621550974768931,4,0,1,16,158,-0.0847295419630419,0.4412590603758048,0.0600866501740076,0.201194492987245,0.8843382364022921,-1.5309999999999997,1.5309999999999997,-0.5256149919422178,-0.5737308504070396,-0.0154264552083747,1,0.7885542016829469,2,-0.7885542016829469,0.040000000000000036,0.1250980392156863,0.5384615384615384,0.0,0.4984615384615384,0.31247919462573553,0.4935835546295765
5,Daniil Medvedev,Marton Fucsovics,00:16:26,1,5,27,0,0,1,3,1,0,1,2,1,12,15,0,0,0,0,0,0,0,0,0,0,0,0,0,0,0,0,0,0,0,0,0,6.157,5.886,1,-0.8549193864754486,3,1,0,16,159,0.8052071634096923,0.2917411280484741,0.0546813172159407,-0.5814416013281577,-0.5866730711271336,0.1354999999999999,-0.1354999999999999,-0.2931114081545527,0.0217596763162697,-0.6414014835481755,2,0.7069227030831661,2,-0.7069227030831661,0.73,0.07580952380952352,0.5714285714285714,0.0,-0.15857142857142859,0.3302791665275709,0.47415068695679763
5,Daniil Medvedev,Marton Fucsovics,00:16:50,1,5,28,0,0,1,3,2,0,1,1,2,12,16,0,0,0,0,0,0,0,0,0,1,0,0,0,0,0,0,0,0,0,0,0,7.792,11.934,2,-0.4442824789766523,4,0,1,16,159,0.5240680679856446,0.1422458466168666,0.0724264853615177,-0.4602664105889831,-0.1422170393572397,-1.3806666666666665,1.3806666666666665,-0.2605472139843179,0.0468525618229251,-0.5237949683187739,1,0.4416716591331784,2,-0.4416716591331784,0.09000000000000008,0.07509803921568625,0.5333333333333333,0.0,0.44333333333333325,0.391342718509937,0.44922452858174916
5,Daniil Medvedev,Marton Fucsovics,00:17:07,1,5,29,0,0,1,3,2,1,1,1,1,13,16,0,0,0,0,0,0,0,0,0,0,0,1,0,1,0,0,0,0,0,0,0,76.317,80.367,19,1.0340103880190143,3,1,1,16,159,0.2898128310021673,0.391314096986666,0.0659890094912187,4.618345176812814,4.886794141547052,-0.2025000000000001,0.2025000000000001,-0.1856555206275435,0.1318255251110686,-0.7763084345803389,2,0.631026646665177,2,-0.631026646665177,0.8200000000000001,0.014190476190475348,0.5625,0.0,-0.25750000000000006,0.34727778525141517,0.42830855509413557
5,Daniil Medvedev,Marton Fucsovics,00:18:03,1,5,30,0,0,1,3,3,1,1,2,2,13,17,0,0,0,0,0,1,0,0,0,0,0,0,0,0,0,0,0,0,0,0,0,19.118,23.309,6,-1.5119384384735228,3,1,1,16,159,0.4302816720420774,0.241806193472996,0.0794385491839783,0.3791404458708892,0.6937101037284985,-0.5987142857142862,0.5987142857142862,1.74605009625689,2.2143281314702308,-0.7154375912719404,2,0.5283188778808018,2,-0.5283188778808018,0.8200000000000001,0.014190476190475348,0.5294117647058824,0.0,-0.2905882352941177,0.3709090683531762,0.43426599493167867
5,Daniil Medvedev,Marton Fucsovics,00:18:36,1,5,31,0,0,1,3,3,2,1,1,2,13,18,0,0,0,0,0,0,0,0,0,0,0,0,0,0,0,0,0,0,0,0,0,8.927,9.444,2,0.2948639545211809,2,1,0,16,159,-0.2254850158847256,0.0923201039752384,0.0724264853615177,-0.3761478531033787,-0.3252024095799637,-0.1723333333333334,0.1723333333333334,1.6709798058571343,2.3089362898999166,-0.8494977555607335,1,0.7723002844257398,2,-0.7723002844257398,0.55,0.07794871794871776,0.5,0.0,-0.050000000000000044,0.31598171874068026,0.43373001365785296
5,Daniil Medvedev,Marton Fucsovics,00:18:57,1,5,32,0,0,1,3,3,3,1,1,1,14,18,0,0,0,0,0,0,0,0,0,0,0,0,0,0,0,0,0,0,0,0,0,6.417,7.556,1,0.7876282435197367,3,0,0,16,159,-0.2722912636981455,0.0424898286182529,0.0497365115585567,-0.5621721520363012,-0.4639479433070735,-0.5695000000000001,0.5695000000000001,1.4391013117199036,1.822477158505289,-0.6894150555784088,2,0.7270478143021459,2,-0.7270478143021459,0.6699999999999999,0.13580952380952402,0.5263157894736842,0.0,-0.14368421052631575,0.32584289827099,0.43367179553387986
5,Daniil Medvedev,Marton Fucsovics,00:19:12,1,5,33,0,0,1,3,4,3,1,1,2,14,19,0,0,0,0,0,0,0,0,0,1,0,0,0,0,0,0,0,0,0,0,0,5.813,8.407,2,0.3769913360209402,3,1,1,16,159,-0.1317474761928325,0.0424840123688113,0.0497365115585567,-0.6069365650066141,-0.4014095697891867,-0.8646666666666667,0.8646666666666667,1.4468405169157548,1.8718353667457068,-0.7303510554608543,1,0.6401029143940883,2,-0.6401029143940883,0.15999999999999992,0.005098039215686225,0.5,0.0,0.3400000000000001,0.3452232758247963,0.43295984671857907
5,Daniil Medvedev,Marton Fucsovics,00:19:34,1,5,34,0,0,1,3,3,3,1,1,1,15,19,0,0,0,0,0,0,0,0,0,0,1,0,0,0,0,0,0,0,0,0,0,36.617,39.731,9,0.0484818100219032,2,1,0,16,159,-0.0380580754935604,0.2915647059194953,0.0410912782004649,1.6760484964793394,1.9005316899925853,-0.3114000000000003,0.3114000000000003,1.3879332589057956,1.767592013174479,-0.8143243849689764,1,0.6914625639372755,2,-0.6914625639372755,0.30000000000000004,0.1349019607843137,0.5238095238095238,0.0,0.2238095238095238,0.3337077976323872,0.4294500320048814
5,Daniil Medvedev,Marton Fucsovics,00:20:13,1,5,35,0,0,1,3,4,3,1,1,1,16,19,1,0,0,0,1,0,0,0,0,0,0,0,0,0,0,0,0,0,0,0,0,7.917,13.075,3,0.7876282435197367,4,0,1,16,159,-0.0848893838745694,-0.1070139358764347,0.0452174734832874,-0.4510022522755905,-0.0583671166969471,-1.2895,1.2895,0.2062161578469937,0.5665619831998696,-0.7544677901683315,2,0.6301758311132382,2,-0.6301758311132382,0.6200000000000001,0.14794871794871822,0.5454545454545454,0.0,-0.07454545454545469,0.347470669705228,0.42844732291449517
5,Daniil Medvedev,Marton Fucsovics,00:22:12,1,6,36,0,0,2,3,0,0,2,1,2,16,20,0,0,0,0,0,1,1,0,0,0,0,0,1,0,1,0,0,0,0,0,0,24.208,14.012,5,-0.1979003344773746,4,0,0,16,159,0.5708159337588755,-0.1069992008359034,0.0659890094912187,0.7563769723922339,0.0104912334631703,1.6993333333333331,-1.6993333333333331,-0.1271947552250373,0.2640877897073961,-0.9934190815786196,1,0.9218743903817075,2,0.9218743903817075,0.3600000000000001,0.11205128205128193,0.0,0.2857142857142857,-0.0742857142857144,0.7154238716697435,0.4710244992234946
5,Daniil Medvedev,Marton Fucsovics,00:22:44,1,6,37,0,0,2,3,0,1,2,1,1,17,20,0,0,0,0,0,0,0,0,0,0,1,0,0,0,0,0,0,0,0,0,0,23.42,18.589,4,0.8697556250194959,3,1,0,16,160,-0.4596257284025423,-0.0571672606074593,0.0659890094912187,0.6979757183846075,0.3468462694107239,0.9662000000000006,-0.9662000000000006,0.3276621470741955,0.3990987449422619,-0.0085388566620039,2,0.5753574306934479,0,-0.5753574306934479,0.8,0.005809523809528253,0.0,0.3333333333333333,-0.46666666666666673,0.3600015469554644,0.4409979189798161
5,Daniil Medvedev,Marton Fucsovics,00:23:16,1,6,38,0,0,2,3,1,1,2,1,2,17,21,0,0,0,0,0,1,0,0,0,0,0,0,1,0,1,0,0,0,0,0,0,22.331,18.812,5,0.3769913360209402,4,0,1,16,160,-0.3658948934575168,-0.3062437874351275,0.0794385491839783,0.6172663711583315,0.3632341158202291,0.5864999999999996,-0.5864999999999996,0.8337764007090275,0.7251880332755101,0.4418089187248221,1,0.5141497981332214,0,-0.5141497981332214,0.25,0.08490196078431368,0.0,0.3125,0.0625,0.3742212209494843,0.42268233241816594
5,Daniil Medvedev,Marton Fucsovics,00:23:52,1,6,39,0,0,2,3,1,2,2,2,1,18,21,0,0,0,0,0,0,0,0,0,0,1,0,0,0,0,0,0,0,0,0,0,22.33,23.317,6,-2.004702727472078,0,1,1,16,160,-1.0214560770604308,-0.2563837245114775,0.0724264853615177,0.6171922578918242,0.6942980085324268,-0.141,0.141,1.3254540600362132,1.032716270845295,0.5676155416609694,2,0.4139015754739796,0,-0.4139015754739796,0.3999999999999999,0.0720512820512823,0.0,0.35294117647058826,-0.04705882352941165,0.397976966556698,0.3978736063084955
5,Daniil Medvedev,Marton Fucsovics,00:24:45,1,6,40,0,0,2,3,2,2,2,1,2,18,22,0,0,0,0,0,1,1,0,0,0,0,0,1,0,1,0,0,0,0,0,0,7.964,10.629,3,0.2948639545211809,4,0,0,16,160,-0.5998369362193718,-0.4057940895982083,0.0870657724402712,-0.4475189287497549,-0.238119010498065,-0.6662499999999998,0.6662499999999998,0.9001847345241958,0.5475871510499608,0.3246287131574674,2,0.4341310268646474,0,0.4341310268646474,0.9099999999999999,0.10419047619047614,0.0,0.3333333333333333,-0.5766666666666667,0.606859686848394,0.39166650576144674
5,Daniil Medvedev,Marton Fucsovics,00:25:16,1,6,41,0,0,2,3,2,3,2,1,2,18,23,2,0,0,0,0,1,0,0,0,0,0,0,1,0,1,0,0,0,0,0,0,23.736,21.002,3,0.5412460990204588,4,0,1,16,160,-1.2552528623556918,-0.256288943810864,0.0724264853615177,0.7213955106008638,0.524173055895637,0.6835000000000004,-0.6835000000000004,0.9015837446942148,0.4752936316750738,0.1147331922657546,1,0.6382501994717993,0,0.6382501994717993,0.1499999999999999,0.015098039215686507,0.0,0.3157894736842105,0.1657894736842106,0.6543578087692437,0.41445841337101386
5,Daniil Medvedev,Marton Fucsovics,00:25:48,1,7,42,0,0,2,4,0,0,1,1,1,19,23,0,0,0,0,1,0,1,0,0,0,0,0,0,0,0,0,0,0,0,0,0,24.521,35.198,5,-0.033645571477856,4,0,0,16,160,-1.5358177815359302,-0.1566218032882978,0.0497365115585567,0.7795744248089691,1.567410130466638,-1.7794999999999996,1.7794999999999996,0.8875341106463623,0.6818887667652038,0.3889502672261355,2,1.0813061511989825,0,1.0813061511989825,0.8899999999999999,0.08419047619047629,0.5652173913043478,0.0,-0.3247826086956521,0.7467410807357793,0.4422225409848945
5,Daniil Medvedev,Marton Fucsovics,00:26:19,1,7,43,0,0,2,4,1,0,1,1,2,19,24,0,0,0,0,0,0,0,0,0,1,0,0,0,0,0,0,0,0,0,0,0,6.327,14.963,2,0.7876282435197367,3,1,0,16,161,-0.4119801162004755,-0.0569687644773342,0.0497365115585567,-0.5688423460219438,0.0803784170301625,-2.8786666666666667,2.8786666666666667,0.9203066680334088,1.1727812701574738,-0.4266725626639466,2,0.7980006649572681,2,0.7980006649572681,0.8899999999999999,0.08419047619047629,0.5416666666666666,0.0,-0.3483333333333333,0.6895466416147655,0.46210280252521646
5,Daniil Medvedev,Marton Fucsovics,00:26:38,1,7,44,0,0,2,4,1,1,1,1,2,19,25,0,0,0,0,0,0,0,0,0,0,0,0,0,0,0,0,0,0,0,0,0,31.154,30.927,8,0.7876282435197367,3,1,0,16,161,-0.0373753022570079,0.2419327110915594,0.0410912782004649,1.2711677215508317,1.2535424532693469,0.0252222222222222,-0.0252222222222222,0.4439288220549433,1.059020944697973,-1.4303691834553416,1,1.1501054679371159,2,1.1501054679371159,0.18999999999999995,0.0249019607843136,0.52,0.0,0.33000000000000007,0.75953018057129,0.4895862955465413
5,Daniil Medvedev,Marton Fucsovics,00:27:09,1,7,45,0,0,2,4,1,2,1,1,1,20,25,0,0,0,0,0,0,0,0,0,0,1,0,0,0,0,0,0,0,0,0,0,22.738,25.54,7,-0.033645571477856,3,1,1,16,161,-0.0841895360076212,0.192083604253396,0.0253327032268717,0.6474304706267376,0.8576620559240395,-0.3502499999999999,0.3502499999999999,0.7065855399325974,1.2839406840450236,-1.0730688294771151,1,0.8590750423022442,2,-0.8590750423022442,0.1399999999999999,0.02509803921568647,0.5384615384615384,0.0,0.39846153846153853,0.29753263204510216,0.4846945331260031
5,Daniil Medvedev,Marton Fucsovics,00:27:42,1,7,46,0,0,2,4,2,2,1,1,1,21,25,0,0,0,0,1,0,1,0,0,0,0,1,0,1,0,0,0,0,0,0,0,20.272,30.431,5,-0.3621550974768931,2,1,0,16,161,-0.0373596589992288,-0.206465807889848,0.0253327032268717,0.4646671554201292,1.2170923554257842,-1.693166666666667,1.693166666666667,1.1463509920999209,1.7246474164239824,-0.845224535950519,1,0.6809711671761771,2,0.6809711671761771,0.3400000000000001,0.132051282051282,0.5555555555555556,0.0,0.2155555555555555,0.6639554173764516,0.5078927797017212
5,Daniil Medvedev,Marton Fucsovics,00:28:13,1,7,47,0,0,2,4,3,2,1,1,1,22,25,1,0,0,0,0,0,0,0,0,0,0,0,0,0,0,0,0,0,0,0,0,3.468,6.151,1,1.1982651510185327,3,0,1,16,161,0.9457873273391736,-0.1566219446742156,0.0373268873441294,-0.7807321749658582,-0.5671987244970044,-1.3415,1.3415,1.0432409659521202,2.003329180195776,-1.430434836081817,1,1.2574576798056958,2,1.2574576798056958,0.17999999999999994,0.014901960784313661,0.5714285714285714,0.0,0.39142857142857146,0.7785881510770133,0.538075796555456
5,Daniil Medvedev,Marton Fucsovics,00:30:04,1,8,48,0,0,3,4,0,0,2,1,1,23,25,0,0,0,0,0,0,0,0,0,0,1,0,0,0,0,0,0,0,0,0,0,12.374,8.558,2,0.2127365730214217,4,1,0,16,161,0.5711271279615787,-0.056970030960502,0.0600866501740076,-0.1206794234532656,-0.3903128666150376,1.272000000000001,-1.272000000000001,0.4165737083049923,1.1448214707590094,-1.613180097522328,2,1.3936881762938031,2,-1.3936881762938031,0.76,0.04580952380952435,0.0,0.35,-0.41000000000000003,0.19881961321817682,0.5283155523816815
5,Daniil Medvedev,Marton Fucsovics,00:30:50,1,8,49,0,0,3,4,1,0,2,1,2,23,26,0,0,0,0,0,1,0,0,0,0,0,0,0,0,0,0,0,0,0,0,0,22.505,24.934,3,0.7055008620199773,4,0,1,16,162,0.2901600040957489,-0.3558504172359176,0.1043312231190012,0.6301620795305738,0.813128267026461,-0.6072500000000005,0.6072500000000005,0.5965697614561911,0.9555164864596846,-0.6154088350174554,2,0.7763391093870414,2,-0.7763391093870414,0.8899999999999999,0.08419047619047629,0.0,0.3333333333333333,-0.5566666666666666,0.31510942761868344,0.5270756610474345
5,Daniil Medvedev,Marton Fucsovics,00:31:23,1,8,50,0,0,3,4,1,1,2,1,2,23,27,0,0,0,0,0,1,0,0,0,0,0,0,1,0,1,0,0,0,0,0,0,7.398,14.112,3,0.7876282435197367,3,0,1,16,162,-0.4121016036763948,-0.2561709515073942,0.1140523812797908,-0.4894670375927964,0.0178400435122757,-1.6785,1.6785,0.3391221239988213,0.7783884972472173,-0.6103145747414627,2,1.027381023971111,2,-1.027381023971111,0.9299999999999999,0.12419047619047613,0.0,0.3181818181818182,-0.6118181818181818,0.26359216224515125,0.521483760550096
5,Daniil Medvedev,Marton Fucsovics,00:31:54,1,8,51,0,0,3,4,1,2,2,2,2,23,28,0,0,0,0,0,1,0,0,0,0,0,0,0,0,0,0,0,0,0,0,0,24.067,16.072,5,-1.7583205829728006,2,1,0,16,162,-1.067373468503188,-0.1066921785244447,0.0870657724402712,0.7459270018147273,0.1618767204747413,1.3325000000000005,-1.3325000000000005,-0.1174909825563934,0.4406246626535112,-1.1560838005323448,2,1.6133233467677233,0,-1.6133233467677233,0.8300000000000001,0.024190476190476526,0.0,0.30434782608695654,-0.5256521739130435,0.166127721698999,0.48486401721871314
5,Daniil Medvedev,Marton Fucsovics,00:32:45,1,8,52,0,0,3,4,1,3,2,1,2,23,29,2,0,0,0,0,0,0,0,0,0,0,0,0,0,0,0,0,0,0,0,0,6.071,6.051,1,1.1161377695187735,3,1,1,16,162,-1.301155022635337,-0.0568630738203823,0.0546813172159407,-0.5878153422477718,-0.5745475345461096,0.0099999999999997,-0.0099999999999997,-0.0045283528707976,0.0162327392258757,-0.3002552549115697,2,0.9213677251196098,0,-0.9213677251196098,0.94,0.1341904761904766,0.0,0.2916666666666667,-0.6483333333333332,0.28467929286373167,0.4798425336125976
5,Daniil Medvedev,Marton Fucsovics,00:33:10,1,9,53,0,0,3,5,0,0,1,1,2,23,30,0,0,0,0,0,0,0,0,0,1,0,0,0,0,0,0,0,0,0,0,0,20.466,24.562,4,0.7055008620199773,3,1,0,16,162,-0.7392970294578591,-0.0568552795023466,0.030768859357148,0.4790451291225147,0.7857906936437891,-0.8191999999999995,0.8191999999999995,0.0729529976092037,0.0132771578941144,-0.0109986165223884,1,0.8703231784028373,0,0.8703231784028373,0.24,0.0749019607843137,0.5517241379310345,0.0,0.3117241379310345,0.7048129402513724,0.5018819815660568
5,Daniil Medvedev,Marton Fucsovics,00:33:31,1,9,54,0,0,3,5,0,1,1,1,1,24,30,0,0,0,0,1,0,1,0,0,0,0,0,0,0,0,0,0,0,0,0,0,6.705,8.806,3,0.2948639545211809,1,1,0,16,163,-0.4115629430472216,0.2918520082905418,0.0155197565784088,-0.5408275312822447,-0.3720878176932563,-0.5252499999999998,0.5252499999999998,0.313820876243154,0.4862883942292271,-0.3576094576857459,1,0.848133143175868,2,0.848133143175868,0.15999999999999992,0.005098039215686225,0.5666666666666667,0.0,0.40666666666666673,0.7001753800770306,0.5220285424674123
5,Daniil Medvedev,Marton Fucsovics,00:33:51,1,9,55,0,0,3,5,1,1,1,1,1,25,30,0,0,0,0,0,0,0,0,0,0,0,0,0,0,0,0,0,0,0,0,0,2.896,4.249,1,-0.3621550974768931,2,1,0,16,163,0.3373669962431215,0.1921833234896479,0.0140636270432454,-0.8231249634079425,-0.7069730916309889,-0.6764999999999999,0.6764999999999999,-0.156484670273951,0.0096122370427298,-0.5117512890657432,1,0.4033718473742345,2,0.4033718473742345,0.22999999999999998,0.06490196078431366,0.5806451612903226,0.0,0.35064516129032264,0.5994975124235863,0.5215377308390918
5,Daniil Medvedev,Marton Fucsovics,00:34:08,1,9,56,0,0,3,5,2,1,1,1,1,26,30,0,0,0,0,0,0,0,0,0,0,0,0,0,0,0,0,0,0,0,0,0,5.608,7.499,1,0.2948639545211809,2,1,0,16,163,0.2905174444759328,0.0925288829733819,0.018890961937039,-0.6221297846405778,-0.4681367650350637,-0.9455,0.9455,-0.2904919848574956,-0.2818967497089076,-0.4752688608110498,1,0.358484131502824,2,0.358484131502824,0.75,0.055809523809523504,0.59375,0.0,-0.15625,0.5886734355764924,0.5171587726262418
5,Daniil Medvedev,Marton Fucsovics,00:34:26,1,9,57,0,0,3,5,3,1,1,1,1,27,30,1,0,0,0,1,0,0,0,0,0,0,0,0,0,0,0,0,0,0,0,0,33.042,39.986,9,0.1306091915216624,4,0,0,16,163,0.1968708131690339,0.0427021855716377,0.030768859357148,1.4110935687163126,1.919271155617804,-0.6943999999999995,0.6943999999999995,-0.8399457875890933,-0.5352787372808223,-0.6323862701053451,2,0.42121700188905803,2,0.42121700188905803,0.8400000000000001,0.03419047619047507,0.6060606060606061,0.0,-0.233939393939394,0.6037744310207542,0.5076276626452401
5,Daniil Medvedev,Marton Fucsovics,00:36:19,1,10,58,0,0,4,5,0,0,2,1,2,27,31,0,0,0,0,0,0,0,0,0,0,0,0,1,0,1,0,0,0,0,0,0,0.933,0.758,1,0.3769913360209402,4,1,0,16,163,0.6648684898534082,0.0426963405796511,0.0546813172159407,-0.9686093055614592,-0.963520050445258,0.0875,-0.0875,-0.0371223132148627,0.467697787652447,-0.8242880394539366,2,0.8549330509141141,2,-0.8549330509141141,0.8899999999999999,0.08419047619047629,0.0,0.28,-0.6099999999999999,0.29839906245934267,0.4815511573682118
5,Daniil Medvedev,Marton Fucsovics,00:36:45,1,10,59,0,0,4,5,0,1,2,2,2,27,32,0,0,0,0,0,0,0,0,0,1,0,0,0,0,0,0,0,0,0,0,0,11.804,14.891,3,-2.1689574904715965,2,0,0,16,164,0.1967541524613529,-0.0071235332548424,0.0600866501740076,-0.1629239853623357,0.0750872737948067,-0.7717499999999999,0.7717499999999999,-0.6185449866400915,-0.2358487925600635,-0.5986227491268272,2,0.6924645597713873,2,-0.6924645597713873,0.8400000000000001,0.03419047619047507,0.0,0.2692307692307692,-0.5707692307692309,0.33348504409616414,0.45314814826987015
5,Daniil Medvedev,Marton Fucsovics,00:37:24,1,10,60,0,0,4,5,0,2,2,1,2,27,33,0,0,0,0,0,1,0,0,0,0,0,0,1,0,1,0,0,0,0,0,0,6.807,9.787,3,0.5412460990204588,3,1,0,16,164,0.0095172379241219,0.2917599429301632,0.0452174734832874,-0.5332679780985163,-0.2999959911115323,-0.7450000000000001,0.7450000000000001,-0.4667672662799193,-0.0560016685223756,-0.7189473992616106,2,0.8352995493826033,2,-0.8352995493826033,0.8500000000000001,0.04419047619047654,0.0,0.25925925925925924,-0.5907407407407408,0.30252567578016193,0.45348101785220746
5,Daniil Medvedev,Marton Fucsovics,00:37:53,1,10,61,0,0,4,5,0,3,2,2,2,27,34,2,2,0,0,0,0,0,0,0,1,0,0,0,0,0,0,0,0,0,0,0,5.312,5.936,1,-1.7583205829728006,2,1,0,16,164,-0.8328966916348363,0.1920921213570966,0.027922573784073,-0.6440673115266913,-0.5829986661025809,-0.3119999999999998,0.3119999999999998,-0.3503517604300209,0.1076784256305768,-0.8257503324163564,2,1.2944847313289514,0,-1.2944847313289514,0.55,0.07794871794871776,0.0,0.25,-0.30000000000000004,0.21509469087747915,0.42355696941894266
5,Daniil Medvedev,Marton Fucsovics,00:40:18,2,1,62,0,1,0,0,0,0,1,2,2,27,35,0,0,0,0,0,0,0,0,0,1,0,0,0,0,0,0,0,0,0,0,0,5.009,7.382,2,-1.7583205829728006,1,1,1,16,164,-0.5051795255463064,0.3913163447117264,0.0155197565784088,-0.6665236312783549,-0.476734872792517,-0.7909999999999997,0.7909999999999997,-0.3591625478837588,0.0614826894151447,-0.724977108950355,1,1.0112448047303222,2,1.0112448047303222,0.10000000000000009,0.06509803921568624,0.5882352941176471,0.0,0.488235294117647,0.7332636888551125,0.4205353386041492
5,Daniil Medvedev,Marton Fucsovics,00:40:46,2,1,63,0,1,0,0,0,1,1,1,1,28,35,0,0,0,0,0,0,0,0,0,0,0,1,0,1,0,0,0,0,0,0,0,19.113,24.327,5,0.5412460990204588,2,1,1,17,165,-0.3179125452478621,0.5406915722599049,0.007767570078015,0.3787698795383535,0.7685209900283914,-0.8690000000000002,0.8690000000000002,-1.193597698865658,-0.9021550479923788,-0.7758972467798315,1,0.96235035373934,2,-0.96235035373934,0.10000000000000009,0.06509803921568624,0.6,0.0,0.4999999999999999,0.276407861766251,0.42570788850735414
5,Daniil Medvedev,Marton Fucsovics,00:41:10,2,1,64,0,1,0,0,1,1,1,1,1,29,35,0,0,0,0,0,0,0,0,0,0,0,0,0,0,0,0,0,0,0,0,0,15.283,20.9,5,-0.4442824789766523,2,1,0,17,165,0.1501281738732835,0.3413665411089967,0.0070335871549951,0.0949160688160057,0.5166772696455495,-0.9361666666666664,0.9361666666666664,-0.6524486586326853,-0.205554083909508,-0.9202168872076868,1,0.7146748742724495,2,-0.7146748742724495,0.25,0.08490196078431368,0.6111111111111112,0.0,0.36111111111111116,0.3285666879645337,0.42660503919707754
5,Daniil Medvedev,Marton Fucsovics,00:41:32,2,1,65,0,1,0,0,2,1,1,1,1,30,35,0,0,0,0,0,0,0,0,0,0,0,1,0,1,0,0,0,0,0,0,0,11.672,13.474,3,0.7055008620199773,3,1,1,17,165,0.0565089137269028,0.1420725908231955,0.0094710435819461,-0.1727069365412782,-0.0290453646010166,-0.4504999999999999,0.4504999999999999,-0.5488921398774316,-0.0279532016839585,-1.0490816127943283,2,0.7748543998681571,2,-0.7748543998681571,0.6699999999999999,0.13580952380952402,0.6216216216216216,0.0,-0.04837837837837833,0.3154299388348563,0.43006089096972455
5,Daniil Medvedev,Marton Fucsovics,00:41:52,2,1,66,0,1,0,0,3,1,1,2,2,30,36,0,0,0,0,0,1,0,0,0,0,0,0,1,0,1,0,0,0,0,0,0,25.642,33.28,8,-0.7727920049756893,0,1,0,17,165,0.3840975113372616,0.0922413873365348,0.0155197565784088,0.8626553965634733,1.4264599537247968,-0.8486666666666669,0.8486666666666669,-0.4040797041935256,0.0810190820180883,-0.9147008838623812,2,0.6165186080930793,2,0.6165186080930793,0.8999999999999999,0.09419047619047567,0.6052631578947368,0.0,-0.2947368421052631,0.6494263468399314,0.46228079931245336
5,Daniil Medvedev,Marton Fucsovics,00:42:32,2,1,67,0,1,0,0,3,2,1,1,2,30,37,0,0,0,0,0,0,0,0,0,1,0,0,0,0,0,0,0,0,0,0,0,22.317,30.675,8,0.4591187175206995,3,1,1,17,165,-0.5987268836682914,0.0424170602942974,0.0155197565784088,0.6162287854272316,1.2350234519456014,-0.9286666666666664,0.9286666666666664,0.2010666097743701,0.8891932413749563,-1.0656180706573812,1,1.166627438082383,2,1.166627438082383,0.41999999999999993,0.05205128205128212,0.5897435897435898,0.0,0.16974358974358983,0.7625348683959814,0.49413783768127
5,Daniil Medvedev,Marton Fucsovics,00:43:03,2,1,68,0,1,0,0,3,3,1,1,1,31,37,0,0,0,0,1,0,0,0,0,0,0,1,0,1,0,0,0,0,0,0,0,13.676,13.883,5,0.3769913360209402,2,1,0,17,165,-0.4114532167334129,0.2914681059063559,0.0115437524839222,-0.0241839504609688,0.0010112684998243,-0.0344999999999999,0.0344999999999999,0.7162595464274114,1.5776368009821655,-1.265047723278791,1,1.1991262174704724,2,1.1991262174704724,0.22999999999999998,0.06490196078431366,0.6,0.0,0.37,0.7683693059745289,0.4983749287294804
5,Daniil Medvedev,Marton Fucsovics,00:43:28,2,1,69,0,1,0,0,4,3,1,1,1,32,37,1,0,0,0,1,0,0,0,0,0,0,0,0,0,0,0,0,0,0,0,0,6.895,8.964,1,0.7876282435197367,3,1,1,17,165,0.6181408418260198,0.1918049797040768,0.0127423494641116,-0.5267460106458881,-0.3604766978156696,-1.0345000000000004,1.0345000000000004,0.554420859312633,1.2689558866929926,-1.0067363297665142,1,0.7741001092451851,2,0.7741001092451851,0.4099999999999999,0.06205128205128232,0.6097560975609756,0.0,0.19975609756097568,0.6844071615837636,0.49732371416326265
5,Daniil Medvedev,Marton Fucsovics,00:44:33,2,2,70,0,1,1,0,0,0,2,1,1,33,37,0,0,0,0,0,0,0,0,0,0,1,0,0,0,0,0,0,0,0,0,0,8.371,7.612,2,0.3769913360209402,4,1,1,17,165,1.0391587726056164,0.0921560896568155,0.018890961937039,-0.4173548292813487,-0.4598326096795745,0.2530000000000001,-0.2530000000000001,0.3047421932249443,0.9161776989339392,-1.0770029805160668,2,1.190020777044988,2,1.190020777044988,0.75,0.055809523809523504,0.0,0.27586206896551724,-0.47413793103448276,0.7667447801659197,0.5084735320127515
5,Daniil Medvedev,Marton Fucsovics,00:45:01,2,2,71,0,1,1,0,1,0,2,2,2,33,38,0,0,0,0,0,0,0,0,0,1,0,0,0,0,0,0,0,0,0,0,0,26.014,25.19,7,-2.251084871971356,2,1,1,17,166,0.52429078884033,-0.2565344217474744,0.030768859357148,0.8902255317041297,0.8319412207521709,0.1029999999999997,-0.1029999999999997,0.2064840534114655,0.742921521266079,-0.7365522318880379,2,0.8072031875745106,2,0.8072031875745106,0.8899999999999999,0.08419047619047629,0.0,0.26666666666666666,-0.6233333333333333,0.691513200525304,0.5153295163426723
5,Daniil Medvedev,Marton Fucsovics,00:45:51,2,2,72,0,1,1,0,1,1,2,1,2,33,39,0,0,0,0,0,0,0,0,0,0,0,0,1,0,1,0,0,0,0,0,0,3.699,9.696,1,0.4591187175206995,4,0,1,17,166,0.3370493402124647,0.1419890093646694,0.030768859357148,-0.7636120104027089,-0.3066834082562182,-2.9985,2.9985,0.2175570700762986,0.5038149915265725,-0.4963040320442967,2,0.6786241793551262,2,0.6786241793551262,0.8200000000000001,0.014190476190475348,0.0,0.25806451612903225,-0.5619354838709678,0.6634315593492306,0.5193066582312373
5,Daniil Medvedev,Marton Fucsovics,00:46:18,2,2,73,0,1,1,0,1,2,2,2,2,33,40,0,0,0,0,0,0,0,0,0,1,0,0,0,0,0,0,0,0,0,0,0,40.27,41.417,11,-2.0868301089718377,0,1,1,17,166,-0.0373357455303304,0.0921585568072977,0.0229773699100256,1.946784259029924,2.0244326274205022,-0.0955833333333333,0.0955833333333333,-0.3366295542943001,-0.1162364160636751,-1.303700051449956,1,1.1616647349754095,2,1.1616647349754095,0.30000000000000004,0.1349019607843137,0.0,0.25,-0.050000000000000044,0.7616350742535929,0.5501890590175208
5,Daniil Medvedev,Marton Fucsovics,00:47:15,2,2,74,0,1,1,0,1,3,2,2,1,34,40,0,0,0,0,0,0,0,0,0,0,1,0,0,0,0,0,0,0,0,0,0,22.274,25.415,6,-0.8549193864754486,2,1,0,17,166,-0.0841236532432482,0.3411981045975566,0.0140636270432454,0.6130419149674246,0.8484760433626578,-0.4487142857142858,0.4487142857142858,0.454972072545946,0.6975533478235395,-0.9641385595204152,2,1.0011190234997362,2,1.0011190234997362,0.72,0.08580952380952461,0.0,0.2727272727272727,-0.44727272727272727,0.7312785351087354,0.5767086250850255
5,Daniil Medvedev,Marton Fucsovics,00:48:07,2,2,75,0,1,1,0,2,3,2,1,2,34,41,2,0,0,0,0,0,0,0,0,0,0,1,0,0,0,0,0,0,0,0,0,89.403,70.197,19,0.7876282435197367,2,1,0,17,166,-0.0841128163016143,-0.1071437123580931,0.0140636270432454,5.588191382325254,4.139420159553033,0.9603000000000002,-0.9603000000000002,0.9127460598805386,1.1837760327116258,-0.7252990960691595,2,0.8334708096990259,2,0.8334708096990259,0.8600000000000001,0.054190476190475206,0.0,0.2647058823529412,-0.595294117647059,0.6970883137384232,0.6030128009489096
5,Daniil Medvedev,Marton Fucsovics,00:49:22,2,3,76,0,1,1,1,0,0,1,1,2,34,42,0,0,0,0,0,0,0,0,0,0,0,0,0,0,0,0,0,0,0,0,0,6.046,10.073,2,-0.1157729529776153,4,1,1,17,166,-0.0373093042591613,-0.0573184803015553,0.010456706231918,-0.5896681739104502,-0.2789783943710909,-1.3423333333333334,1.3423333333333334,3.324758657689024,3.0335266091945687,0.2068041343610163,1,0.7908399796568233,2,0.7908399796568233,0.1399999999999999,0.02509803921568647,0.5952380952380952,0.0,0.45523809523809533,0.6880116620411091,0.634540599026485
5,Daniil Medvedev,Marton Fucsovics,00:49:42,2,3,77,0,1,1,1,0,1,1,1,1,35,42,0,0,0,0,0,0,0,0,0,0,1,0,0,0,0,0,0,0,0,0,0,12.75,13.811,3,0.3769913360209402,2,1,0,17,167,-0.037304508646269,-0.0573106237471136,0.0063685155068155,-0.0928128352465808,-0.0042798747355314,-0.26525,0.26525,2.7303876986476605,2.586731379272181,-0.2621515674079377,2,0.5118331343591996,2,-0.5118331343591996,0.77,0.03580952380952226,0.6046511627906976,0.0,-0.16534883720930238,0.3747638944595429,0.6106406127334469
5,Daniil Medvedev,Marton Fucsovics,00:50:05,2,3,78,0,1,1,1,1,1,1,1,2,35,43,0,0,0,0,0,0,0,0,0,1,0,0,0,0,0,0,0,0,0,0,0,20.655,27.214,6,0.7055008620199773,4,1,0,17,167,0.0094929929480284,-0.3063534272350376,0.0063685155068155,0.4930525364923642,0.9806811361460638,-0.9369999999999994,0.9369999999999994,2.999801337984769,2.7083535510741674,-0.1735703781315932,1,0.599094172137186,2,0.599094172137186,0.15999999999999992,0.005098039215686225,0.5909090909090909,0.0,0.430909090909091,0.6454490397537462,0.6352433579326132
5,Daniil Medvedev,Marton Fucsovics,00:50:33,2,3,79,0,1,1,1,1,2,1,1,1,36,43,0,0,0,0,1,0,0,0,0,0,0,0,0,0,0,0,0,0,0,0,0,29.65,35.965,5,0.8697556250194959,4,0,0,17,167,0.0094917729517947,0.0423598822454179,0.0052201256935583,1.159701368724092,1.6237755035432768,-1.052500000000001,1.052500000000001,2.415937838305464,2.28857233452408,-0.4312678686258913,2,0.4546952444713088,2,-0.4546952444713088,0.8,0.005809523809528253,0.6,0.0,-0.20000000000000007,0.38824501126885796,0.6392219128195682
5,Daniil Medvedev,Marton Fucsovics,00:51:12,2,3,80,0,1,1,1,2,2,1,2,2,36,44,0,0,0,0,0,0,0,0,0,1,0,0,0,0,0,0,0,0,0,0,0,20.962,24.076,6,-0.8549193864754486,0,1,1,17,167,0.5709902741108003,0.0921642220834768,0.0057659655589249,0.5158053093100562,0.7500754768051368,-0.4448571428571428,0.4448571428571428,2.635493136476993,2.60038616502492,-0.5915740547232671,1,0.47490826993147567,2,0.47490826993147567,0.28,0.11490196078431365,0.5869565217391305,0.0,0.30695652173913046,0.6165448181775552,0.6592962381090816
5,Daniil Medvedev,Marton Fucsovics,00:51:47,2,3,81,0,1,1,1,2,3,1,1,1,37,44,0,0,1,0,1,0,0,0,0,0,0,0,0,0,0,0,1,0,0,0,1,0.883,0.996,1,0.9518830065192552,4,0,0,17,167,0.3837471794780432,0.3411997059042568,0.0047257126023954,-0.9723149688868165,-0.946029882528387,-0.0564999999999999,0.0564999999999999,0.5982664333645124,1.2372424990031925,-0.6271464942661972,1,0.5309802890542141,2,-0.5309802890542141,0.21999999999999997,0.05490196078431374,0.5957446808510638,0.0,0.37574468085106383,0.37028828020975646,0.6406870336670697
5,Daniil Medvedev,Marton Fucsovics,00:52:10,2,3,82,0,1,1,1,3,3,1,1,1,38,44,0,0,0,0,1,0,0,0,0,0,0,1,0,1,0,0,0,0,0,0,0,17.164,25.281,5,-0.1157729529776153,4,0,1,17,167,2.161075104231164,0.1917233391488503,0.0057659655589249,0.234323123115937,0.8386286378968566,-1.3528333333333329,1.3528333333333329,0.4445836778792078,0.9689643815191998,-0.5205835302162896,1,1.8979187129819082,2,-1.8979187129819082,0.0,0.16509803921568633,0.6041666666666666,0.0,0.6041666666666666,0.13034421636829016,0.5985409901985571
5,Daniil Medvedev,Marton Fucsovics,00:52:36,2,3,83,0,1,1,1,4,3,1,1,1,39,44,1,0,0,0,0,0,0,0,0,0,0,1,0,1,0,0,0,0,0,0,0,46.853,44.608,11,0.2948639545211809,3,1,0,17,167,2.253648161972478,0.1418872908663249,0.0085774854137119,2.434671892446429,2.2589331560874557,0.1870833333333337,-0.1870833333333337,0.5759715691656949,1.3079695602722448,-1.024348622599432,1,2.07307186893815,2,2.07307186893815,0.08000000000000007,0.08509803921568629,0.6122448979591837,0.0,0.5322448979591836,0.8882582253270115,0.606533584822056
5,Daniil Medvedev,Marton Fucsovics,00:54:46,2,4,84,0,1,2,1,0,0,2,1,1,40,44,0,0,0,0,0,0,0,0,0,0,1,0,0,0,0,0,0,0,0,0,0,19.064,12.414,2,0.6233734805202181,4,0,0,17,167,1.598479425624578,0.0422486841142502,0.0155197565784088,0.3751383294795037,-0.1069427511215337,2.216666666666667,-2.216666666666667,1.3557857911691835,1.822063377118842,-0.7393474143537266,1,1.4862723545295793,2,1.4862723545295793,0.24,0.0749019607843137,0.0,0.2857142857142857,0.04571428571428571,0.8155181140563187,0.615274314986893
5,Daniil Medvedev,Marton Fucsovics,00:55:16,2,4,85,0,1,2,1,1,0,2,2,1,41,44,0,0,0,0,0,0,0,0,0,0,0,0,0,0,0,0,0,0,0,0,0,114.549,127.983,34,-2.0868301089718377,2,0,0,17,168,0.8034119055425738,-0.2566135574614919,0.027922573784073,7.451843581913808,8.386003534529074,-0.3838285714285714,0.3838285714285714,1.040681075002723,1.1259944176756886,0.2727885193432598,1,1.1050002512611021,2,1.1050002512611021,0.33000000000000007,0.14205128205128195,0.0,0.3055555555555556,-0.02444444444444449,0.7511958291917291,0.6142377182552803
5,Daniil Medvedev,Marton Fucsovics,00:56:56,2,4,86,0,1,2,1,2,0,2,1,1,42,44,0,0,0,0,0,0,0,0,0,0,0,0,1,0,0,0,0,0,0,0,0,16.738,10.141,2,-0.033645571477856,4,0,1,17,168,0.5695270374345816,-0.2067684234744393,0.0546813172159407,0.202750871583895,-0.2739812035376993,2.1990000000000003,-2.1990000000000003,3.826407985249326,4.197050312069124,-0.1577358058902063,1,0.7829246519305363,2,0.7829246519305363,0.22999999999999998,0.06490196078431366,0.0,0.32432432432432434,0.09432432432432436,0.6863101008267851,0.6138908449420456
5,Daniil Medvedev,Marton Fucsovics,00:57:29,2,4,87,0,1,2,1,3,0,2,2,1,43,44,1,0,0,0,0,0,0,0,1,0,1,0,0,0,0,1,0,1,0,0,0,5.675,6.345,0,-1.6388135585900138e-16,4,0,0,17,168,0.1954256928795691,-0.1071215940355207,0.1043312231190012,-0.6171641957845994,-0.5529420330017398,-0.6699999999999999,0.6699999999999999,4.298350671327091,4.467338224858714,0.4752133605903387,1,0.9957754894769957,0,0.9957754894769957,0.56,0.08794871794871824,0.0,0.34210526315789475,-0.2178947368421053,0.7302271791486948,0.61834388626201
5,Daniil Medvedev,Marton Fucsovics,00:58:13,2,5,88,0,1,3,1,0,0,1,1,1,44,44,0,0,0,0,0,0,0,0,0,0,0,1,0,1,0,0,0,0,0,0,0,13.282,13.984,3,0.7055008620199773,3,1,1,17,168,2.858744718670772,-0.6549884757592698,0.1900015660153129,-0.0533845774647821,0.0084335666494208,-0.1755,0.1755,3.956367100191964,3.9076693438763535,0.1423572402354957,2,2.7153549293453167,2,-2.7153549293453167,0.6399999999999999,0.16580952380952393,0.62,0.0,-0.019999999999999907,0.06207335395997594,0.5717064382424354
5,Daniil Medvedev,Marton Fucsovics,00:58:35,2,5,89,0,1,3,1,1,0,1,1,2,44,45,0,0,0,0,0,1,0,0,0,0,0,1,0,0,0,0,0,0,0,0,0,12.015,14.767,4,0.7876282435197367,4,0,0,17,169,2.1569263382057025,-0.4556613888025117,0.320821300824607,-0.147286086129329,0.065974749333916,-0.5503999999999998,0.5503999999999998,2.957086878538436,3.002552116837708,0.0391185570773464,1,1.9891133874243179,2,1.9891133874243179,0.07000000000000006,0.09509803921568627,0.6078431372549019,0.0,0.5378431372549018,0.8796493066369466,0.5815978230109828
5,Daniil Medvedev,Marton Fucsovics,00:58:57,2,5,90,0,1,3,1,1,1,1,2,1,45,45,0,0,0,0,0,0,0,0,0,0,1,0,0,0,0,0,0,0,0,0,0,44.124,45.264,13,-0.5264098604764116,2,1,1,17,169,0.5683316354026672,-0.206563548569808,0.3429895373265012,2.2324167881484427,2.3071413500095868,-0.0814285714285718,0.0814285714285718,2.747265119209381,3.0720969455740565,-0.304886470030643,2,0.4909897827145556,2,0.4909897827145556,0.73,0.07580952380952352,0.6153846153846154,0.0,-0.11461538461538456,0.6203395721221328,0.5764812402365636
5,Daniil Medvedev,Marton Fucsovics,00:59:44,2,5,91,0,1,3,1,2,1,1,1,2,45,46,0,0,0,0,0,0,0,0,0,1,0,1,0,0,0,0,0,0,0,0,0,13.365,11.518,2,0.6233734805202181,3,1,1,17,169,0.1945285578685141,-0.4057578512612947,0.41338242108267,-0.0472331763446895,-0.172788089161518,0.6156666666666664,-0.6156666666666664,0.6509823272177905,0.6272696237542511,-0.2372692421592898,2,0.5725348198936127,2,0.5725348198936127,0.8600000000000001,0.054190476190475206,0.6037735849056604,0.0,-0.25622641509433974,0.6393478656387318,0.5732369871430717
5,Daniil Medvedev,Marton Fucsovics,01:00:11,2,5,92,0,1,3,1,2,2,1,1,2,45,47,0,0,0,0,0,0,0,0,0,1,0,0,0,0,0,0,0,0,0,0,0,14.219,16.108,4,1.0340103880190143,3,1,0,17,169,0.3346498143344293,-0.0072524948607467,0.389360766050778,0.0160595532524083,0.1645222920924193,-0.3778000000000001,0.3778000000000001,0.5505810228885374,0.667967978692607,0.0039091863975785,1,0.5414055638487696,2,0.5414055638487696,0.1399999999999999,0.02509803921568647,0.5925925925925926,0.0,0.45259259259259266,0.6321393270897036,0.5903953493184158
5,Daniil Medvedev,Marton Fucsovics,01:00:36,2,5,93,0,1,3,1,2,3,1,1,1,46,47,0,0,0,0,0,0,0,0,0,0,1,0,0,0,0,0,1,0,0,0,1,33.852,31.331,9,1.1161377695187735,1,1,1,17,169,-0.0391202873819079,0.391194112431789,0.299432857526027,1.471125314587096,1.2832316458677326,0.2521,-0.2521,0.8049032120937365,0.9565213841124832,-0.1257690733184026,1,0.6861169316514282,2,0.6861169316514282,0.050000000000000044,0.11509803921568629,0.6,0.0,0.5499999999999999,0.6651025629003768,0.5917055841948577
5,Daniil Medvedev,Marton Fucsovics,01:01:12,2,5,94,0,1,3,1,3,3,1,2,1,47,47,0,0,0,0,0,0,0,0,0,0,1,0,0,0,0,0,0,0,0,0,0,0.763,0.93,7,-1.019174149474967,4,0,0,17,169,0.4747525177664193,-0.0571106376583875,0.299432857526027,-0.9812085608676732,-0.9508800971607968,-0.020875,0.020875,1.4171934077808792,1.469226077733153,-0.0228063578425049,1,0.5499053623253355,2,0.5499053623253355,0.1299999999999999,0.03509803921568639,0.6071428571428571,0.0,0.4771428571428572,0.6341136340682303,0.6080968257148158
5,Daniil Medvedev,Marton Fucsovics,01:02:01,2,5,95,0,1,3,1,4,3,1,2,1,48,47,1,0,0,0,0,0,0,0,0,0,0,0,0,0,0,0,0,0,0,0,0,5.756,7.161,1,-1.4298110569737636,2,1,1,17,169,0.3812579849305778,-0.4057381500711292,0.389360766050778,-0.611161021197521,-0.4929757430010399,-0.7024999999999997,0.7024999999999997,1.082264419843508,1.0602622888573128,-0.0163457112118229,2,0.6694594213373664,2,0.6694594213373664,0.79,0.015809523809529102,0.6140350877192983,0.0,-0.17596491228070177,0.6613821040309481,0.6110859781050421
5,Daniil Medvedev,Marton Fucsovics,01:04:05,2,6,96,0,1,4,1,0,0,2,1,2,48,48,0,0,0,0,0,1,0,0,0,0,0,0,1,0,1,0,0,0,0,0,0,9.796,9.49,3,-0.4442824789766523,4,0,0,17,169,0.1943495363832565,-0.2064614315872111,0.5124973964842103,-0.3117434245086737,-0.3218219569573753,0.0764999999999997,-0.0764999999999997,-0.0598041376734725,-0.0659028659837765,-0.209024817978229,2,0.7297992186357725,2,0.7297992186357725,0.77,0.03580952380952226,0.0,0.3333333333333333,-0.4366666666666667,0.6747612109476653,0.6313841734875694
5,Daniil Medvedev,Marton Fucsovics,01:04:31,2,6,97,0,1,4,1,0,1,2,1,2,48,49,0,0,0,0,0,1,0,0,0,0,0,0,1,0,1,0,0,0,0,0,0,14.819,9.544,3,-0.033645571477856,4,0,0,17,170,-0.7399421491601762,-0.1068231359993993,0.5124973964842103,0.0605275131566927,-0.3178535995308584,1.31875,-1.31875,-0.166039612073444,-0.1258420553919002,-0.1466466205664668,1,0.6080220955171378,0,0.6080220955171378,0.48,0.007948717948717952,0.0,0.325,-0.15499999999999997,0.6474894834141871,0.6658605246239625
5,Daniil Medvedev,Marton Fucsovics,01:05:01,2,6,98,0,1,4,1,0,2,2,2,1,49,49,0,0,0,0,0,0,0,0,0,0,1,0,0,0,0,0,0,0,0,0,0,7.638,6.388,2,-1.4298110569737636,1,0,1,17,170,-1.300259085547317,-0.1068084314886145,0.4378234991142019,-0.4716798536310827,-0.5497820446806245,0.4166666666666665,-0.4166666666666665,-0.1481799077753258,-0.3198464140087256,0.4308030312669029,2,0.5838473210457265,0,0.5838473210457265,0.9199999999999999,0.11419047619047545,0.0,0.34146341463414637,-0.5785365853658535,0.641952193563558,0.6494401225063988
5,Daniil Medvedev,Marton Fucsovics,01:05:46,2,6,99,0,1,4,1,1,2,2,1,2,49,50,0,0,0,0,0,0,0,0,0,0,0,0,1,0,1,0,0,0,0,0,0,6.388,7.654,1,-1.1013015309747265,4,0,1,17,170,-0.8329879132221821,-0.3558151213175474,0.4625701546562504,-0.5643214367650082,-0.4567461094589503,-0.633,0.633,-0.9284703885600978,-1.0570570655899998,0.4789216107531486,2,0.36468746322428874,0,0.36468746322428874,0.69,0.1158095238095243,0.0,0.3333333333333333,-0.35666666666666663,0.5901746612505044,0.634417225652678
5,Daniil Medvedev,Marton Fucsovics,01:06:11,2,6,100,0,1,4,1,1,3,2,1,2,49,51,2,0,0,0,0,0,0,0,0,1,0,0,0,0,0,0,0,0,0,0,0,15.032,13.496,3,0.6233734805202181,1,1,0,17,170,-0.6927440291149825,-0.206352453150957,0.41338242108267,0.0763136389227135,-0.0274286263902134,0.3839999999999999,-0.3839999999999999,-0.7610356607652423,-0.8583237768423557,0.0824067257214311,1,0.4281156676356634,0,0.4281156676356634,0.1100000000000001,0.05509803921568622,0.0,0.32558139534883723,0.21558139534883713,0.6054236176099516,0.6246990782138929
5,Daniil Medvedev,Marton Fucsovics,01:07:01,2,7,101,0,1,4,2,0,0,1,1,1,50,51,0,0,0,0,0,0,0,0,0,0,0,0,0,0,0,0,0,0,0,0,0,14.813,18.791,3,0.5412460990204588,3,1,1,17,170,-0.4591252103840241,0.1921095502187874,0.299432857526027,0.0600828335576498,0.3616908657099169,-0.9945,0.9945,-0.4849246323163392,-0.671087699475264,0.2037458746799842,2,0.8943396533804471,0,0.8943396533804471,0.77,0.03580952380952226,0.6206896551724138,0.0,-0.1493103448275862,0.7097849121883594,0.6262640656379977
5,Daniil Medvedev,Marton Fucsovics,01:07:25,2,7,102,0,1,4,2,1,0,1,2,2,50,52,0,0,0,0,0,0,0,1,0,1,0,0,0,0,0,0,0,0,0,0,0,6.872,8.54,0,-1.6388135585900138e-16,3,0,1,17,171,-0.2255427235798933,0.1422789547243369,0.299432857526027,-0.5284506157755523,-0.3916356524238766,-1.6679999999999993,1.6679999999999993,-0.3355877382102433,-0.3961890798081254,-0.1477215602610726,1,0.7006085078444776,2,0.7006085078444776,0.25,0.08490196078431368,0.6101694915254238,0.0,0.36016949152542377,0.6683226723804535,0.6221370985201151
5,Daniil Medvedev,Marton Fucsovics,01:07:48,2,7,103,0,1,4,2,1,1,1,1,1,51,52,0,0,0,0,0,0,0,0,0,0,0,1,0,1,0,0,0,0,0,0,0,13.537,20.932,3,-0.033645571477856,4,1,1,17,171,-0.0386953715215763,0.6402825043847092,0.259225100817846,-0.0344856945054613,0.5190288888612632,-1.8487499999999997,1.8487499999999997,-0.5721395216388152,-0.4258631163790114,-0.6468383953895726,1,0.8341897684297579,2,0.8341897684297579,0.07000000000000006,0.09509803921568627,0.6166666666666667,0.0,0.5466666666666666,0.6972401048144226,0.664481548577078
5,Daniil Medvedev,Marton Fucsovics,01:08:12,2,7,104,0,1,4,2,2,1,1,1,1,52,52,0,0,0,0,0,0,0,0,0,0,0,0,0,0,0,0,0,0,0,0,0,7.511,11.178,1,0.6233734805202181,4,1,0,17,171,0.2415364676856675,0.4409786256731975,0.2788848219771369,-0.4810922384774895,-0.1977740433284763,-1.8335000000000004,1.8335000000000004,-0.3965488622144857,0.003996632512383,-1.1636354792242174,1,0.9343318882458906,2,0.9343318882458906,0.1499999999999999,0.015098039215686507,0.6229508196721312,0.0,0.47295081967213126,0.7179533046898282,0.6537018151139369
5,Daniil Medvedev,Marton Fucsovics,01:08:30,2,7,105,0,1,4,2,3,1,1,2,1,53,52,1,0,0,0,0,0,0,0,0,0,1,0,1,0,0,0,0,0,0,0,0,10.857,12.427,3,-1.3476836754740045,3,1,1,17,171,0.1948005788079516,0.2417091718887912,0.3658644089891993,-0.2331092487445977,-0.1059874058151501,-0.3925,0.3925,-0.363121449003175,0.1081513186436588,-1.3921767332520223,2,1.068028356404608,2,1.068028356404608,0.41999999999999993,0.05205128205128212,0.6290322580645161,0.0,0.2090322580645162,0.7442217829447189,0.6619606291687761
5,Daniil Medvedev,Marton Fucsovics,01:10:49,2,8,106,0,1,5,2,0,0,2,2,2,53,53,0,0,0,0,0,0,0,0,0,0,0,0,1,0,1,0,0,0,0,0,0,16.626,14.534,3,-1.1834289124744857,4,0,1,17,171,0.1013668475393605,-0.2065404694484296,0.5124973964842103,0.1944501857350954,0.0488520219195005,0.5230000000000001,-0.5230000000000001,-0.4873952247442454,0.0765561542071281,-1.1368847966261997,2,1.020063072308007,2,1.020063072308007,0.8400000000000001,0.03419047619047507,0.0,0.3181818181818182,-0.521818181818182,0.7349848850054455,0.6683364304598901
5,Daniil Medvedev,Marton Fucsovics,01:11:33,2,8,107,0,1,5,2,0,1,2,2,2,53,54,0,0,0,0,0,0,0,0,0,1,0,0,0,0,0,0,0,0,0,0,0,4.419,5.245,1,-1.3476836754740045,0,1,0,17,172,-0.2255755860009549,-0.1069085762039235,0.5124973964842103,-0.7102504585175677,-0.633778943541899,-0.4130000000000002,0.4130000000000002,-0.4334291515900993,-0.0492629430859595,-0.5975412218902925,2,0.873090256509358,2,0.873090256509358,0.9199999999999999,0.11419047619047545,0.0,0.3111111111111111,-0.6088888888888888,0.7053883089956096,0.673219695920284
5,Daniil Medvedev,Marton Fucsovics,01:12:09,2,8,108,0,1,5,2,0,2,2,1,2,53,55,0,0,0,1,0,1,0,0,0,0,0,0,0,0,0,0,0,0,0,0,0,0.86,1.25,1,0.8697556250194959,3,1,0,17,172,-0.1321382778023493,0.1919158791739899,0.4378234991142019,-0.9740195740164804,-0.9273639050036594,-0.195,0.195,-0.5064455759955713,-0.146649347967501,-0.5596602039040047,1,0.8263563903144779,2,0.8263563903144779,0.16999999999999993,0.004901960784313842,0.0,0.30434782608695654,0.1343478260869566,0.6955839569832071,0.6752517888591393
5,Daniil Medvedev,Marton Fucsovics,01:12:35,2,8,109,0,1,5,2,0,3,2,1,1,54,55,0,0,0,0,1,0,0,0,0,0,0,0,1,0,0,0,0,0,0,0,0,3.456,6.567,2,0.5412460990204588,3,1,0,17,172,-1.486316009408296,0.1420878733857755,0.320821300824607,-0.781621534163944,-0.5366276746927259,-1.037,1.037,-0.8837913616409726,-0.728366865684802,-0.4895202382374157,1,1.2005963756041451,0,1.2005963756041451,0.22999999999999998,0.06490196078431366,0.0,0.3191489361702128,0.0891489361702128,0.7686308584133789,0.6842196038154825
5,Daniil Medvedev,Marton Fucsovics,01:13:00,2,8,110,0,1,5,2,1,3,2,2,1,55,55,0,0,0,0,0,0,0,0,0,0,0,0,0,0,0,0,0,0,0,0,0,16.974,18.07,4,-0.1979003344773746,4,1,0,17,172,-0.4120968838274422,0.0424653751249019,0.320821300824607,0.2202416024795802,0.3087059452558671,-0.2191999999999998,0.2191999999999998,-1.0044931965224195,-0.8646487208923253,-0.645021273404272,2,1.0023619948620917,2,1.0023619948620917,0.56,0.08794871794871824,0.0,0.3333333333333333,-0.22666666666666674,0.7315227214801394,0.688895644978762
5,Daniil Medvedev,Marton Fucsovics,01:14:03,2,8,111,0,1,5,2,2,3,2,1,2,55,56,2,0,0,0,0,0,0,0,0,0,0,0,1,0,1,0,0,0,0,0,0,5.79,7.92,1,0.7055008620199773,4,1,1,17,172,-0.1318591962385629,0.0424595641110299,0.389360766050778,-0.6086411701362783,-0.4371982747283299,-1.065,1.065,-0.8224135112031075,-0.6978652663410231,-0.4895616492791677,1,0.7956775702395862,2,0.7956775702395862,0.16999999999999993,0.004901960784313842,0.0,0.32653061224489793,0.156530612244898,0.6890491130628468,0.6898481717864408
5,Daniil Medvedev,Marton Fucsovics,01:14:41,2,9,112,0,1,5,3,0,0,1,1,1,56,56,0,0,0,0,0,0,0,0,0,0,0,0,0,0,0,0,0,0,0,0,0,5.919,8.952,1,-0.1157729529776153,4,0,0,17,172,-0.3186302531425019,0.0424537538954181,0.3658644089891993,-0.5990805587568571,-0.3613585550215623,-1.5165000000000002,1.5165000000000002,-1.144959770827117,-0.8933474156237297,-0.6754702556339518,1,0.759571403448769,2,0.759571403448769,0.26,0.09490196078431369,0.6349206349206349,0.0,0.3749206349206349,0.681260673607031,0.6920995844659636
5,Daniil Medvedev,Marton Fucsovics,01:14:57,2,9,113,0,1,5,3,1,0,1,1,1,57,56,0,0,0,0,0,0,0,0,0,0,1,0,0,0,0,0,0,0,0,0,0,13.445,17.745,3,0.7876282435197367,3,1,0,17,173,-0.3185875640578479,-0.0073535796080179,0.41338242108267,-0.0413041150241182,0.2848223125962746,-1.0750000000000002,1.0750000000000002,-1.1003105100818222,-0.7837840156553304,-0.9666106933259012,2,0.9009737569713169,2,0.9009737569713169,0.48,0.007948717948717952,0.640625,0.0,0.16062500000000002,0.7111495688697603,0.6967127428197105
5,Daniil Medvedev,Marton Fucsovics,01:15:21,2,9,114,0,1,5,3,2,0,1,1,2,57,57,0,0,0,0,0,0,0,0,0,0,0,0,0,0,0,0,0,0,0,0,0,4.766,6.661,2,-0.1157729529776153,4,0,0,17,173,0.0083319054178804,-0.3061597762874639,0.5374298453437496,-0.68453315503959,-0.5297197932465668,-0.6316666666666664,0.6316666666666664,-0.7257032124287989,-0.2962608749812687,-1.0867518269865788,2,0.8672436302185444,2,0.8672436302185444,0.78,0.025809523809524566,0.6307692307692307,0.0,-0.14923076923076928,0.7041718312802657,0.7043125541550279
5,Daniil Medvedev,Marton Fucsovics,01:15:38,2,9,115,0,1,5,3,2,1,1,2,2,57,58,0,0,0,0,0,1,1,0,0,0,0,0,1,0,1,0,0,0,0,0,0,65.286,59.778,14,-2.004702727472078,0,1,1,17,173,-0.0383661595882878,-0.2065148314565416,0.5374298453437496,3.800801733972549,3.373747640536743,0.3672000000000004,-0.3672000000000004,-0.6867095247112416,-0.2934826285294131,-0.9458771597874872,1,0.7490902412580421,2,0.7490902412580421,0.25,0.08490196078431368,0.6212121212121212,0.0,0.3712121212121212,0.6789804349947411,0.7092163419806804
5,Daniil Medvedev,Marton Fucsovics,01:16:57,2,9,116,0,1,5,3,2,2,1,1,1,58,58,0,0,1,0,1,0,0,0,0,0,0,0,0,0,0,0,0,0,0,0,0,0.901,0.814,1,1.1982651510185327,3,1,0,17,173,-0.8788605949977877,-0.1068843857913203,0.4378234991142019,-0.9709809300896878,-0.959404716817759,0.0435,-0.0435,0.7513538653732136,0.9392312333216786,-0.4342096736889191,1,1.1416600340332392,0,1.1416600340332392,0.27,0.10490196078431366,0.6268656716417911,0.0,0.35686567164179106,0.7579842928625226,0.7124296340256248
5,Daniil Medvedev,Marton Fucsovics,01:17:17,2,9,117,0,1,5,3,3,2,1,1,1,59,58,1,1,0,0,0,0,0,0,0,0,0,0,0,0,0,0,0,0,0,0,0,14.476,9.265,3,0.8697556250194959,4,0,1,17,173,0.8489139423017777,-0.0570687483742204,0.4625701546562504,0.0351066627447435,-0.3383567795678624,1.30275,-1.30275,0.605827041517382,0.7292076238867056,-0.2542373164462531,1,0.6633934187035345,2,0.6633934187035345,0.1399999999999999,0.02509803921568647,0.6323529411764706,0.0,0.49235294117647066,0.6600222604168697,0.7118762732280524
5,Daniil Medvedev,Marton Fucsovics,01:19:54,3,1,118,1,1,0,0,0,0,2,1,1,60,58,0,0,0,0,0,0,0,0,0,0,1,0,1,0,0,0,0,0,0,0,0,13.339,16.005,2,0.2948639545211809,3,0,0,17,173,0.6620184648467575,-0.0570609277858299,0.5621765008857981,-0.0491601212738751,0.1569530177418407,-0.8886666666666665,0.8886666666666665,0.8605361909823738,0.7384585934551192,0.3203714694159313,1,1.0509783426934287,2,1.0509783426934287,0.41999999999999993,0.05205128205128212,0.0,0.34,-0.0799999999999999,0.7409627235738047,0.7147911144786779
5,Daniil Medvedev,Marton Fucsovics,01:20:26,3,1,119,1,1,0,0,1,0,2,2,1,61,58,0,0,0,0,0,0,0,0,0,0,1,0,1,0,0,0,0,0,0,0,0,12.631,7.575,2,-2.251084871971356,4,1,1,18,174,0.3350921179246142,-0.3060559962561913,0.679178699175393,-0.1016323139609305,-0.4625516693977435,1.6853333333333338,-1.6853333333333338,0.8573809765563735,0.6870314782824687,-0.0284292868592186,2,0.8243064904659814,2,0.8243064904659814,0.8,0.005809523809528253,0.0,0.35294117647058826,-0.4470588235294118,0.6951497230683781,0.7132708757039147
5,Daniil Medvedev,Marton Fucsovics,01:21:12,3,1,120,1,1,0,0,2,0,2,1,2,61,59,0,0,0,0,0,0,0,0,0,0,0,1,0,0,0,0,0,0,0,0,0,24.4,18.464,5,0.0484818100219032,2,1,0,18,174,0.1015931164475663,-0.5052077526374145,0.7941296281990525,0.7706067195616049,0.3376602568493422,0.9893333333333332,-0.9893333333333332,1.091491933730869,0.7140454916547689,0.6158819177466898,1,1.0114027853568186,0,1.0114027853568186,0.5900000000000001,0.11794871794871795,0.0,0.34615384615384615,-0.24384615384615393,0.7332945868393274,0.7125423959635551
5,Daniil Medvedev,Marton Fucsovics,01:21:46,3,1,121,1,1,0,0,2,1,2,2,1,62,59,0,0,0,0,1,0,0,0,0,0,0,0,0,0,0,0,0,0,0,0,0,40.427,30.195,8,-2.497467016470634,2,1,1,18,174,0.2416527235425795,-0.3059375342091772,0.8099984339846871,1.9584200418715445,1.1997491637098956,1.136888888888889,-1.136888888888889,-0.1255278494905464,-0.5070233797491824,0.9188799379290368,1,1.174642223335729,0,1.174642223335729,0.42999999999999994,0.042051282051282564,0.0,0.3584905660377358,-0.07150943396226411,0.7639830941333264,0.7144756099054139
5,Daniil Medvedev,Marton Fucsovics,01:23:06,3,1,122,1,1,0,0,3,1,2,2,1,63,59,1,0,0,0,0,0,0,0,0,0,1,0,0,0,0,1,0,1,0,0,0,49.584,42.203,12,-1.5119384384735228,2,1,1,18,174,0.5684463724414206,-0.1564971181227052,0.8519528019683106,2.6370752232774297,2.0821942744064708,0.5677692307692306,-0.5677692307692306,1.0510099373218014,0.3613559713356678,1.2408986187255786,1,1.5930947813107914,0,1.5930947813107914,0.1200000000000001,0.04509803921568625,0.0,0.37037037037037035,0.25037037037037024,0.8310510717090449,0.7228531274196429
5,Daniil Medvedev,Marton Fucsovics,01:24:36,3,2,123,1,1,1,0,0,0,1,2,1,64,59,0,0,0,0,0,0,0,0,0,0,1,0,0,0,0,0,0,0,0,0,0,78.333,75.495,21,-0.8549193864754486,4,0,0,18,174,3.180808090774607,-0.4054677287801032,0.9046505351008906,4.76775752209121,4.528760115954637,0.129,-0.129,2.096040768152341,1.3348653503912744,1.1906064681829356,1,3.335026313270273,2,3.335026313270273,0.10000000000000009,0.06509803921568624,0.6376811594202898,0.0,0.5376811594202897,0.9656110663287899,0.7408549347093485
5,Daniil Medvedev,Marton Fucsovics,01:25:39,3,2,124,1,1,1,0,1,0,1,1,1,65,59,0,0,0,0,0,0,0,0,0,0,0,0,0,0,0,0,0,0,0,0,0,8.422,8.137,1,0.6233734805202181,4,0,1,18,175,2.060194527994108,-0.5547966668857858,0.9453186827840592,-0.4135750526894846,-0.4212513569217712,0.1425,-0.1425,4.030663470072134,3.0931406846561984,1.0840225790534563,1,2.397904255153735,2,2.397904255153735,0.040000000000000036,0.1250980392156863,0.6428571428571429,0.0,0.6028571428571429,0.9166673528162446,0.7507240343362062
5,Daniil Medvedev,Marton Fucsovics,01:25:59,3,2,125,1,1,1,0,2,0,1,1,1,66,59,0,0,0,0,0,0,0,0,0,0,1,0,0,0,0,0,0,0,0,0,0,24.221,29.26,7,0.4591187175206995,4,1,1,18,175,1.0336338960614733,-0.3057302623026944,0.969231140642852,0.7573404448568269,1.1310377897507602,-0.6298750000000002,0.6298750000000002,3.905377644420837,3.109751051740698,0.900281014703075,1,1.5718482323311809,2,1.5718482323311809,0.1399999999999999,0.02509803921568647,0.647887323943662,0.0,0.5078873239436621,0.8280469287974667,0.7571589814906947
5,Daniil Medvedev,Marton Fucsovics,01:26:27,3,2,126,1,1,1,0,3,0,1,1,1,67,59,1,0,0,0,1,0,1,0,0,0,0,0,0,0,0,0,0,0,0,0,0,12.324,13.071,3,0.6233734805202181,1,1,1,18,175,0.5670305301057817,-0.4550739390596672,0.9844802434215912,-0.1243850867786227,-0.0586610690989113,-0.1867499999999999,0.1867499999999999,3.900049499305232,3.428835612317672,0.4571474510353203,1,1.0747235916647235,2,1.0747235916647235,0.26,0.09490196078431369,0.6527777777777778,0.0,0.3927777777777778,0.745494174010123,0.7609219855538464
5,Daniil Medvedev,Marton Fucsovics,01:27:31,3,3,127,1,1,2,0,0,0,2,1,1,68,59,0,0,0,0,0,0,0,0,0,0,0,0,0,0,0,0,0,0,0,0,0,1.483,1.284,2,-1.6388135585900138e-16,0,0,0,18,175,1.0333414969874215,-0.3056197477527022,0.9922324299219848,-0.927847008982532,-0.9248653095869636,0.0663333333333333,-0.0663333333333333,3.063530716155219,2.92272186506683,0.2734048543936453,2,1.2373330238530573,2,1.2373330238530573,0.76,0.04580952380952435,0.0,0.38181818181818183,-0.3781818181818182,0.7750994473233694,0.7671779038016023
5,Daniil Medvedev,Marton Fucsovics,01:28:02,3,3,128,1,1,2,0,1,0,2,1,2,68,60,0,0,0,0,0,1,1,0,0,0,0,0,1,0,1,0,0,0,0,0,0,11.519,11.179,3,-0.2800277159771338,4,0,0,18,176,0.3802152363579172,-0.1561887572451646,0.9961275965593288,-0.1840462663168707,-0.1977005552279853,0.0849999999999999,-0.0849999999999999,1.6317479887489357,1.7133275399233368,0.1924928796261518,2,0.9130395414735349,2,0.9130395414735349,0.79,0.015809523809529102,0.0,0.375,-0.41500000000000004,0.7136217440483367,0.7673427154801741
5,Daniil Medvedev,Marton Fucsovics,01:28:37,3,3,129,1,1,2,0,1,1,2,1,2,68,61,0,0,0,0,0,1,1,0,0,0,0,0,1,0,1,0,0,0,0,0,0,14.52,10.857,3,-2.90810392396943,2,1,0,18,176,-0.6459466298977334,-0.0565749693046426,0.9964948127799336,0.0383676464710576,-0.2213637235861047,0.91575,-0.91575,-0.3570491495418151,-0.1875841494123981,0.1131197708774867,2,0.4041725260928861,0,0.4041725260928861,0.79,0.015809523809529102,0.0,0.3684210526315789,-0.4215789473684211,0.5996897402559144,0.7603772427452173
5,Daniil Medvedev,Marton Fucsovics,01:29:06,3,3,130,1,1,2,0,1,2,2,2,2,68,62,0,0,0,0,0,1,1,0,0,0,0,1,0,0,0,0,0,0,0,0,0,42.163,39.441,9,-0.6085372419761709,3,1,1,18,176,-1.2986934627571558,-0.0565672175888421,0.9952742873976046,2.0870806725279403,1.87922014085018,0.2721999999999993,-0.2721999999999993,-0.1755350215252763,-0.107192337188485,0.3174659865219741,2,0.590947597038899,0,0.590947597038899,0.78,0.025809523809524566,0.0,0.3620689655172414,-0.41793103448275865,0.6435825389071396,0.7580173830060438
5,Daniil Medvedev,Marton Fucsovics,01:30:08,3,3,131,1,1,2,0,1,3,2,1,2,68,63,2,0,0,1,0,1,0,0,0,0,0,0,0,0,0,0,0,0,0,0,0,12.053,12.472,1,0.7876282435197367,3,1,0,18,176,-1.2983979132150618,-0.0067633079260861,0.9922324299219848,-0.1444697820020577,-0.1026804412930526,-0.2094999999999993,0.2094999999999993,0.3585296693361094,0.1937153981981549,0.3378195335384356,1,0.59340849412168,0,0.59340849412168,0.3600000000000001,0.11205128205128193,0.0,0.3559322033898305,-0.004067796610169594,0.6441468297853837,0.7504282188009012
5,Daniil Medvedev,Marton Fucsovics,01:31:57,3,4,132,1,1,2,1,0,0,1,1,1,69,63,0,0,0,0,0,0,0,0,0,0,0,0,0,0,0,0,0,0,0,0,0,6.306,7.352,1,-0.033645571477856,4,0,0,18,176,-2.183544571891048,-0.0067623830052658,0.9859363729567544,-0.5703987246185938,-0.4789395158072485,-0.5230000000000001,0.5230000000000001,0.3504630362281262,0.1760114660209033,0.1666417871944144,2,1.6268659422714464,0,1.6268659422714464,0.78,0.025809523809524566,0.6575342465753424,0.0,-0.1224657534246576,0.8357398518289876,0.7621427248950425
5,Daniil Medvedev,Marton Fucsovics,01:32:15,3,4,133,1,1,2,1,1,0,1,2,2,69,64,0,0,0,0,0,0,0,0,0,0,0,0,0,0,0,0,0,0,0,0,0,25.322,34.069,8,-0.5264098604764116,3,1,1,18,177,-1.3906592607482011,-0.0067614582109617,0.9844802434215912,0.8389391512811885,1.4844420650122383,-0.9718888888888896,0.9718888888888896,0.4940252926111643,0.3553561412321919,-0.0479179559228407,1,1.0874788363652323,0,1.0874788363652323,0.69,0.1158095238095243,0.6486486486486487,0.0,-0.04135135135135126,0.7479066728265872,0.762605654845228
5,Daniil Medvedev,Marton Fucsovics,01:32:49,3,4,134,1,1,2,1,1,1,1,1,1,70,64,0,0,0,0,1,0,0,0,0,0,0,1,0,1,0,0,0,0,0,0,0,11.851,9.836,3,0.6233734805202181,3,1,1,18,177,-0.6912828496830966,-0.0067605335431514,0.9791636554813196,-0.1594406618365,-0.2963950741874707,0.5037500000000001,-0.5037500000000001,0.9048877899893664,1.0318887080724022,-0.4410758595990621,2,1.055141825697507,2,1.055141825697507,0.77,0.03580952380952226,0.6533333333333333,0.0,-0.1166666666666667,0.7417610478015938,0.7657130764941089
5,Daniil Medvedev,Marton Fucsovics,01:33:17,3,4,135,1,1,2,1,2,1,1,2,2,70,65,0,0,0,0,0,0,0,1,0,1,0,0,0,0,0,0,0,0,0,0,0,6.403,7.091,0,-1.6388135585900138e-16,4,0,1,18,177,0.5207085628617547,-0.0067596090018227,0.9811090380629608,-0.5632097377674011,-0.4981199100354136,-0.6880000000000006,0.6880000000000006,0.8254418720365719,1.0017122226751174,-0.1550097017012313,1,0.4797721229742806,2,0.4797721229742806,0.09000000000000008,0.07509803921568625,0.6447368421052632,0.0,0.5547368421052631,0.61769406348434,0.7580063749371099
5,Daniil Medvedev,Marton Fucsovics,01:33:44,3,4,136,1,1,2,1,2,2,1,1,1,71,65,0,0,0,0,0,0,0,0,0,0,0,0,0,0,0,0,0,0,0,0,0,4.373,5.643,1,0.0484818100219032,4,1,0,18,177,0.3341948304630657,0.590781186026217,0.9770226300899744,-0.7136596687768961,-0.6045306795464597,-0.6349999999999998,0.6349999999999998,-0.2389965041312555,0.0455816618502674,-0.3274381610209462,1,0.6860842327883169,2,0.6860842327883169,0.24,0.0749019607843137,0.6493506493506493,0.0,0.40935064935064935,0.6650952794788889,0.7514138539601473
5,Daniil Medvedev,Marton Fucsovics,01:34:03,3,4,137,1,1,2,1,3,2,1,1,1,72,65,1,0,0,0,0,0,0,0,0,0,0,0,0,0,0,0,0,0,0,0,0,4.74,4.352,1,1.1161377695187735,4,0,1,18,177,0.2875395924221758,0.3915166677850236,0.9811090380629608,-0.6864600999687757,-0.6994038172804102,0.1939999999999999,-0.1939999999999999,-0.467600719147165,-0.156254987295726,-0.5073631656802965,2,0.5258518944777257,2,0.5258518944777257,0.73,0.07580952380952352,0.6538461538461539,0.0,-0.07615384615384613,0.6285151136776539,0.7379114567580546
5,Daniil Medvedev,Marton Fucsovics,01:34:41,3,5,138,1,1,3,1,0,0,2,2,2,72,66,0,0,0,0,0,1,1,0,0,0,0,0,1,0,1,0,0,0,0,0,0,29.065,21.269,5,-2.0868301089718377,1,1,1,18,177,0.1476702734916918,0.1922847756433368,0.9872576505358884,1.1163451078174151,0.5437943787267483,1.299333333333334,-1.299333333333334,-0.5142145473652528,-0.2449224272485712,-0.3539998914432392,2,0.7061074147323297,2,-0.7061074147323297,0.78,0.025809523809524566,0.0,0.35,-0.43000000000000005,0.33045952904984377,0.6955680209394582
5,Daniil Medvedev,Marton Fucsovics,01:35:24,3,5,139,1,1,3,1,0,1,2,1,2,72,67,0,0,0,0,0,0,0,0,0,0,0,0,1,0,1,0,0,0,0,0,0,8.966,8.141,1,0.6233734805202181,4,0,1,18,178,-0.6913192590473517,0.0926696770104669,0.9872576505358884,-0.3732574357096003,-0.420957404519807,0.4124999999999996,-0.4124999999999996,-0.4027997587188272,-0.6232368377140451,0.3271774344993887,2,0.32749883518267675,0,-0.32749883518267675,0.8600000000000001,0.054190476190475206,0.0,0.3442622950819672,-0.515737704918033,0.4188493192440838,0.6623801520346475
5,Daniil Medvedev,Marton Fucsovics,01:35:48,3,5,140,1,1,3,1,0,2,2,1,2,72,68,0,0,0,0,0,0,0,0,0,0,0,0,0,0,0,0,0,0,0,0,0,4.395,3.272,1,0.7055008620199773,3,1,1,18,178,-0.8310231462165347,0.0926569591872922,0.9811090380629608,-0.7120291769137391,-0.7787709658107485,0.5614999999999999,-0.5614999999999999,-0.4886751702189441,-0.6733339412874025,0.4035111759198485,2,0.3133418003730701,0,-0.3133418003730701,0.8600000000000001,0.054190476190475206,0.0,0.3387096774193548,-0.5212903225806453,0.42229925358998455,0.6353303070208153
5,Daniil Medvedev,Marton Fucsovics,01:36:08,3,5,141,1,1,3,1,0,3,2,1,2,72,69,2,0,0,1,0,1,0,0,0,0,0,0,0,0,0,0,0,0,0,0,0,2.233,0.898,1,0.5412460990204588,4,0,0,18,178,-0.4580555527894944,-0.0069443928104169,0.969231140642852,-0.8722620591021767,-0.9532317163765104,0.6675,-0.6675,-0.5484456472699786,-0.7862075923473746,0.4675467264538697,1,0.4072482640589172,0,-0.4072482640589172,0.27,0.10490196078431366,0.0,0.3333333333333333,0.0633333333333333,0.39957211898305334,0.6122688366856773
5,Daniil Medvedev,Marton Fucsovics,01:37:54,3,6,142,1,1,3,2,0,0,1,1,1,73,69,0,0,0,0,0,0,0,0,0,0,0,0,1,0,0,0,0,0,0,0,0,38.677,48.752,11,0.8697556250194959,3,1,0,18,178,-1.6228794639592354,-0.0069434431565064,0.9453186827840592,1.8287218254840487,2.563467844522383,-0.8395833333333336,0.8395833333333336,-0.6121452592665992,-0.9264499265394586,0.5797895872929157,1,1.1590006544300935,0,1.1590006544300935,0.3500000000000001,0.12205128205128195,0.6582278481012658,0.0,0.3082278481012657,0.7611510811234636,0.6113389456056837
5,Daniil Medvedev,Marton Fucsovics,01:38:38,3,6,143,1,1,3,2,1,0,1,1,1,74,69,0,0,0,0,0,0,0,0,0,0,1,0,0,0,0,0,0,0,0,0,0,16.122,27.144,5,0.6233734805202181,3,0,1,18,179,-1.1100218288139547,-0.0069424936324904,0.9399133498259924,0.1570970994154966,0.97553696911169,-1.837,1.837,0.3980293820087802,0.3858281847626528,0.020405772062621,1,0.9242292929328325,0,0.9242292929328325,0.10000000000000009,0.06509803921568624,0.6625,0.0,0.5624999999999999,0.7159030689788026,0.6114910339343814
5,Daniil Medvedev,Marton Fucsovics,01:39:03,3,6,144,1,1,3,2,2,0,1,2,1,75,69,0,0,0,0,0,0,0,0,0,0,0,0,0,0,0,0,0,0,0,0,0,4.067,3.899,1,-1.1013015309747265,1,1,1,18,179,-0.5041316085419739,-0.3057056454294937,0.9547825265167124,-0.7363383283280811,-0.7326939268028576,0.084,-0.084,0.0127657941245462,0.5594685880036421,-0.8244970500004839,1,1.0182271292844975,2,1.0182271292844975,0.30000000000000004,0.1349019607843137,0.6666666666666666,0.0,0.3666666666666666,0.7346271219155824,0.6204868593783591
5,Daniil Medvedev,Marton Fucsovics,01:39:28,3,6,145,1,1,3,2,3,0,1,1,1,76,69,1,0,0,0,0,0,0,0,0,0,0,0,0,0,0,0,0,0,0,0,0,4.341,4.77,1,0.3769913360209402,4,1,1,18,179,-0.2244935130452036,-0.2060751447050521,0.9720774262159272,-0.7160312933051246,-0.6686857912751497,-0.2144999999999997,0.2144999999999997,-0.1330586914695861,0.4340928279103186,-0.6651100852858688,1,0.7105455911012405,2,0.7105455911012405,0.17999999999999994,0.014901960784313661,0.6707317073170732,0.0,0.4907317073170733,0.670521704288083,0.6222828037370888
5,Daniil Medvedev,Marton Fucsovics,01:40:35,3,7,146,1,1,4,2,0,0,2,2,1,77,69,0,0,0,0,0,0,0,0,1,0,1,0,0,0,0,0,0,0,0,0,0,13.081,10.732,0,-1.6388135585900138e-16,4,0,0,18,179,-0.2244641678824147,-0.1064591304652151,0.9844802434215912,-0.0682813440327174,-0.2305497361474864,2.349,-2.349,-0.1346660648564168,0.4783674362601058,-0.5843563059214802,2,0.8696961140806558,2,-0.8696961140806558,0.94,0.1341904761904766,0.0,0.34375,-0.59625,0.2953175382746716,0.5990275176363746
5,Daniil Medvedev,Marton Fucsovics,01:41:12,3,7,147,1,1,4,2,1,0,2,2,2,77,70,0,0,0,0,0,1,1,0,0,0,0,0,1,0,1,0,0,0,0,0,0,92.775,95.005,25,-2.004702727472078,2,1,1,18,180,0.0085416456891265,-0.6541573108956252,0.9922324299219848,5.838101316987332,5.962512956535098,-0.0857692307692303,0.0857692307692303,0.1882373888535554,0.769019304425533,0.1609633748414421,2,1.0166655588117528,0,-1.0166655588117528,0.8700000000000001,0.06419047619047671,0.0,0.3384615384615385,-0.5315384615384616,0.26567741794306465,0.5610233553773132
5,Daniil Medvedev,Marton Fucsovics,01:42:36,3,7,148,1,1,4,2,1,1,2,2,2,77,71,0,0,0,0,0,0,0,0,0,1,0,0,0,0,0,0,0,0,0,0,0,15.236,17.311,3,-1.5119384384735228,1,0,0,18,180,-0.8301382494050513,-0.4548918234155981,0.9929664128450048,0.0914327452901702,0.2529284769831571,-0.5187499999999998,0.5187499999999998,1.7985278607195274,2.136064337805185,-0.0848754094998977,1,0.659371777619378,0,0.659371777619378,0.24,0.0749019607843137,0.0,0.3333333333333333,0.09333333333333332,0.6591192528917548,0.5551041940483243
5,Daniil Medvedev,Marton Fucsovics,01:43:35,3,7,149,1,1,4,2,1,2,2,1,1,78,71,0,0,0,0,1,0,0,0,0,0,0,0,0,0,0,0,0,0,0,0,0,21.497,15.862,4,-0.6906646234759302,4,0,1,18,180,-0.5504650416018408,0.092878183101346,0.9905289564180538,0.5554559068913764,0.14644421937162,1.1270000000000002,-1.1270000000000002,1.7721550307059726,1.8454420254530757,-0.3159590672590257,2,0.8187711762317658,0,-0.8187711762317658,0.8600000000000001,0.054190476190475206,0.0,0.34328358208955223,-0.5167164179104479,0.30602456731209027,0.5260550953490241
5,Daniil Medvedev,Marton Fucsovics,01:44:20,3,7,150,1,1,4,2,2,2,2,1,2,78,72,0,0,0,0,0,1,0,0,0,0,0,0,0,0,0,0,0,0,0,0,0,20.966,16.914,3,0.0484818100219032,2,1,1,18,180,0.288271643204999,0.0928654368999603,0.991422514586288,0.5161017623760848,0.2237537010882088,1.013,-1.013,2.290979440566298,2.199018220171706,0.2065101427662249,2,0.9102834062406371,2,0.9102834062406371,0.95,0.1441904761904762,0.0,0.3382352941176471,-0.6117647058823529,0.7130581529340614,0.5324127013123389
5,Daniil Medvedev,Marton Fucsovics,01:44:50,3,7,151,1,1,4,2,2,3,2,1,2,78,73,2,0,0,0,0,0,0,0,0,0,0,0,0,0,0,0,0,0,0,0,0,8.157,7.426,1,0.7055008620199773,3,1,1,18,180,-0.3174656482564599,-0.0067303752063339,0.9895432937680818,-0.4332150683138768,-0.4735013963709106,0.3654999999999999,-0.3654999999999999,2.785842080493315,2.5579440171008234,0.640818951546572,2,0.5680022348895737,0,0.5680022348895737,0.7,0.10580952380952378,0.0,0.3333333333333333,-0.36666666666666664,0.6383020736040277,0.5306264875873481
5,Daniil Medvedev,Marton Fucsovics,01:46:30,3,8,152,1,1,4,3,0,0,1,1,2,78,74,0,0,0,0,0,1,1,0,0,0,0,1,0,0,0,0,0,0,0,0,0,20.031,20.016,6,0.7055008620199773,3,1,1,18,180,-0.3174232343484922,0.043062100497873,0.9828759666842724,0.4468058581919084,0.4517137888114578,0.0021428571428572,-0.0021428571428572,2.6392734405534286,2.4602324982727883,0.50736340538561,2,0.8998314012374838,0,0.8998314012374838,0.78,0.025809523809524566,0.6626506024096386,0.0,-0.11734939759036145,0.710914854295275,0.5361198036285229
5,Daniil Medvedev,Marton Fucsovics,01:46:58,3,8,153,1,1,4,3,0,1,1,1,2,78,75,0,0,0,0,0,0,0,0,0,1,0,0,0,0,0,0,0,0,0,0,0,15.451,16.09,4,0.4591187175206995,3,1,0,18,181,-0.6435086590261342,0.0430562087317106,0.969231140642852,0.1073670975892054,0.1631995062835803,-0.1277999999999997,0.1277999999999997,0.4739628914496116,0.2438716133981474,0.3321063947777365,1,0.7865458927799736,0,0.7865458927799736,0.3400000000000001,0.132051282051282,0.6547619047619048,0.0,0.3147619047619047,0.68708918602547,0.5598951140935645
5,Daniil Medvedev,Marton Fucsovics,01:47:22,3,8,154,1,1,4,3,0,2,1,1,1,79,75,0,0,0,0,0,0,0,0,0,0,1,0,0,0,0,0,0,0,0,0,0,40.586,41.628,11,0.5412460990204588,4,0,0,18,181,-0.3638806482973039,0.2920063748959123,0.9453186827840592,1.97020405124618,2.0399386166241147,-0.0868333333333333,0.0868333333333333,0.4803626188231035,0.2077839653373392,0.2500608160667506,1,0.9585403453791735,0,0.9585403453791735,0.16999999999999993,0.004901960784313842,0.6588235294117647,0.0,0.48882352941176477,0.7228294627929689,0.5801604569968236
5,Daniil Medvedev,Marton Fucsovics,01:47:56,3,8,155,1,1,4,3,1,2,1,1,1,80,75,0,0,1,0,1,0,0,0,0,0,0,0,0,0,0,0,0,0,0,0,0,0.647,1.274,1,1.0340103880190143,3,1,0,18,181,-0.2706522658595863,-0.1063635890684916,0.9399133498259924,-0.9898056997825014,-0.925600190591874,-0.3135,0.3135,1.048569111067725,0.9693190512790112,0.1620643416176111,1,0.891669175439911,2,0.891669175439911,0.15999999999999992,0.005098039215686225,0.6627906976744186,0.0,0.5027906976744186,0.7092345116397085,0.5992894742001387
5,Daniil Medvedev,Marton Fucsovics,01:48:15,3,8,156,1,1,4,3,2,2,1,1,1,81,75,0,0,0,0,1,0,1,0,0,0,0,1,0,1,0,0,0,0,0,0,0,14.181,15.203,5,-0.7727920049756893,2,1,1,18,181,1.313297975617525,-0.1063489532892606,0.9547825265167124,0.0132432491251369,0.0980155611480155,-0.1703333333333336,0.1703333333333336,0.4437502250119621,0.5070661309915105,-0.013770565338964,2,1.1414466470214921,2,1.1414466470214921,0.08000000000000007,0.08509803921568629,0.6666666666666666,0.0,0.5866666666666666,0.7579451461183124,0.6231810093424891
5,Daniil Medvedev,Marton Fucsovics,01:48:41,3,8,157,1,1,4,3,3,2,1,1,2,81,76,0,0,0,0,0,1,0,0,0,0,0,1,0,0,0,0,0,0,0,0,0,16.653,18.484,6,1.1161377695187735,3,0,1,18,181,1.6855034513793823,-0.0565431996651016,0.9720774262159272,0.196451243930788,0.3391300188591635,-0.261571428571429,0.261571428571429,0.6230616561650665,0.7369216911626034,-0.1198396432526198,1,1.4520538170149906,2,1.4520538170149906,0.06000000000000005,0.10509803921568629,0.6590909090909091,0.0,0.599090909090909,0.8103143171898257,0.62645855841358
5,Daniil Medvedev,Marton Fucsovics,01:49:11,3,8,158,1,1,4,3,3,3,1,1,1,82,76,0,0,0,0,1,0,0,0,0,0,0,1,0,1,0,0,0,0,0,0,0,12.976,17.845,5,0.3769913360209402,2,1,1,18,181,0.4743057841560786,-0.0067442888754061,0.9720774262159272,-0.076063237015967,0.2921711226453798,-0.8114999999999997,0.8114999999999997,0.5225115209666622,0.6916421851600167,-0.2231020373888293,2,0.4262365101274643,2,0.4262365101274643,0.6799999999999999,0.12580952380952376,0.6629213483146067,0.0,-0.017078651685393242,0.6049746246341444,0.6190633287906027
5,Daniil Medvedev,Marton Fucsovics,01:49:36,3,8,159,1,1,4,3,4,3,1,1,2,82,77,0,0,0,0,0,1,0,0,0,0,0,0,1,0,1,0,0,0,0,0,0,46.276,37.414,10,-0.7727920049756893,3,1,0,18,181,0.9865253005247764,-0.0565345304195611,0.9791636554813196,2.3919085376718088,1.7302597611548136,0.8056363636363639,-0.8056363636363639,0.4488402407369255,0.7435126375324312,-0.5170082110285613,1,0.7698432212002265,2,0.7698432212002265,0.030000000000000027,0.1350980392156863,0.6555555555555556,0.0,0.6255555555555555,0.6834869783578112,0.6156539858867514
5,Daniil Medvedev,Marton Fucsovics,01:50:23,3,8,160,1,1,4,3,3,3,1,1,1,83,77,0,0,0,0,0,0,0,0,0,0,0,0,0,0,0,0,0,0,0,0,0,6.419,7.123,1,0.9518830065192552,3,1,0,18,181,-0.0847975356429377,-0.0067356347181201,0.9770226300899744,-0.562023925503287,-0.4957682908196999,-0.3520000000000003,0.3520000000000003,0.618209769830744,0.618964440212001,0.0059267945256614,1,0.6687987699636071,2,0.6687987699636071,0.20999999999999996,0.0449019607843136,0.6593406593406593,0.0,0.44934065934065937,0.6612341315420704,0.6150348143703505
5,Daniil Medvedev,Marton Fucsovics,01:50:41,3,8,161,1,1,4,3,4,3,1,1,1,84,77,1,0,0,0,0,0,0,0,0,0,0,0,0,0,0,0,0,0,0,0,0,3.041,3.957,1,0.7055008620199773,2,1,1,18,181,-0.2245081887948489,-0.0067347136749395,0.9811090380629608,-0.8123785397644072,-0.7284316169743765,-0.4579999999999999,0.4579999999999999,0.7900201251786386,0.7918363923067321,-0.058169048465748,2,0.7254847823511201,2,0.7254847823511201,0.73,0.07580952380952352,0.6630434782608695,0.0,-0.06695652173913047,0.6738136581684077,0.6402678890299328
5,Daniil Medvedev,Marton Fucsovics,01:51:22,3,9,162,1,1,5,3,0,0,2,1,2,84,78,0,0,0,0,0,0,0,0,0,0,0,0,0,0,0,0,0,0,0,0,0,6.765,7.339,1,0.5412460990204588,3,1,0,18,181,-0.2244788547670189,-0.0067337927577265,0.9872576505358884,-0.5363807352918163,-0.4798948611136322,-0.2870000000000003,0.2870000000000003,0.4584249487102493,0.4594517157368325,-0.2060091945816572,1,0.8619947949133338,0,0.8619947949133338,0.1499999999999999,0.015098039215686507,0.0,0.32857142857142857,0.17857142857142866,0.7030772556152558,0.6694278782080789
5,Daniil Medvedev,Marton Fucsovics,01:51:50,3,9,163,1,1,5,3,0,1,2,2,1,85,78,0,0,0,0,1,0,0,0,0,0,0,0,0,0,0,0,0,0,0,0,0,23.507,17.641,4,-2.4153396349708744,2,1,0,18,182,0.0084188495258965,-0.0067328719664691,0.9872576505358884,0.7044235725707287,0.2771795501452048,1.173200000000001,-1.173200000000001,0.1640970218772658,0.1300521763120116,-0.24391581310997,1,0.7430108773834956,2,0.7430108773834956,0.17999999999999994,0.014901960784313661,0.0,0.3380281690140845,0.15802816901408456,0.6776539010457951,0.6706635214183483
5,Daniil Medvedev,Marton Fucsovics,01:52:40,3,9,164,1,1,5,3,1,1,2,2,1,86,78,0,0,0,0,0,0,0,0,0,0,1,0,0,0,0,0,0,0,0,0,0,59.712,57.338,14,-1.3476836754740045,4,1,1,18,182,0.4275768713900794,-0.0067319513011473,0.9895432937680818,3.387694386461748,3.194436675338572,0.158266666666667,-0.158266666666667,0.4775645984830657,0.1240227903952179,0.392362091840096,2,1.0490496515558287,2,1.0490496515558287,0.8799999999999999,0.07419047619047618,0.0,0.3472222222222222,-0.5327777777777777,0.740592364441911,0.6996347078936697
5,Daniil Medvedev,Marton Fucsovics,01:54:02,3,9,165,1,1,5,3,2,1,2,2,2,86,79,0,0,0,0,0,1,0,0,0,0,0,0,0,0,0,0,0,0,0,0,0,33.352,30.622,9,-2.4153396349708744,4,1,0,18,182,0.3809456028978401,-0.3054760359673769,0.9936314844931846,1.4340686813335255,1.2311285826195757,0.2729999999999997,-0.2729999999999997,0.877502910065586,0.7128928149353819,0.4409880623950755,2,1.1257359010218357,2,1.1257359010218357,0.8600000000000001,0.054190476190475206,0.0,0.3424657534246575,-0.5175342465753425,0.7550511165170581,0.7024342387992029
5,Daniil Medvedev,Marton Fucsovics,01:54:55,3,9,166,1,1,5,3,2,2,2,2,2,86,80,0,0,0,0,0,0,0,0,0,1,0,0,0,0,0,0,0,0,0,0,0,19.624,13.3,1,-1.4298110569737636,4,0,0,18,182,-0.3642655201235306,-0.205851939123188,0.9936314844931846,0.4166417587235023,-0.0418322940864599,3.161999999999999,-3.161999999999999,1.6791952698342687,1.4074248720860196,0.4374803134366674,1,0.48343479309839454,0,0.48343479309839454,0.19999999999999996,0.03490196078431356,0.0,0.33783783783783783,0.13783783783783787,0.6185586224463913,0.7011180087220271
5,Daniil Medvedev,Marton Fucsovics,01:55:31,3,9,167,1,1,5,3,2,3,2,2,1,87,80,0,0,0,0,0,0,0,0,1,0,1,0,0,0,0,0,0,0,0,0,0,59.431,13.0,0,-1.6388135585900138e-16,2,0,0,18,182,-0.2710730873604497,0.1925011673056129,0.9905289564180538,3.366868558573241,-0.0638787242337761,46.431,-46.431,2.172807730460417,1.6835648359124975,1.369881802688609,1,1.144301690892044,0,1.144301690892044,0.1499999999999999,0.015098039215686507,0.0,0.3466666666666667,0.19666666666666677,0.7584685589279094,0.7042882556975361
5,Daniil Medvedev,Marton Fucsovics,01:56:20,3,9,168,1,1,5,3,3,3,2,1,1,88,80,0,0,0,0,0,0,0,0,0,0,1,0,1,0,0,0,0,0,0,0,0,11.783,7.923,2,0.3769913360209402,4,0,0,18,182,-0.08474928160292,-0.4547959379773112,0.991422514586288,-0.1644803639589857,-0.4369778104268568,1.2866666666666666,-1.2866666666666666,3.7404730414015472,1.8508802951035168,15.074203894007246,2,3.7575867685375557,1,3.7575867685375557,0.8600000000000001,0.054190476190475206,0.0,0.35526315789473684,-0.5047368421052633,0.977192333589157,0.7236284655351152
5,Daniil Medvedev,Marton Fucsovics,01:57:14,3,9,169,1,1,5,3,4,3,2,2,2,88,81,0,0,0,0,0,0,0,0,0,1,0,0,0,0,0,1,0,0,0,1,0,24.227,11.274,1,-2.1689574904715965,4,1,0,18,182,-0.0847384142114949,-0.6538737756015885,0.994234034441075,0.7577851244558698,-0.1907191856813352,6.476500000000001,-6.476500000000001,3.391494419416324,1.563656901282933,10.781414969930523,2,0.6302839450800327,1,0.6302839450800327,0.8999999999999999,0.09419047619047567,0.0,0.35064935064935066,-0.5493506493506493,0.6525538430895246,0.7189434242215521
5,Daniil Medvedev,Marton Fucsovics,01:57:53,3,9,170,1,1,5,3,3,3,2,1,2,88,82,0,0,0,1,0,1,0,0,0,0,0,0,0,0,0,0,0,0,0,0,0,1.905,0.994,1,0.8697556250194959,3,0,0,18,182,-0.6435769755517141,-0.0563238249478092,0.9936314844931846,-0.8965712105165188,-0.9461768587293692,0.4555,-0.4555,2.3352417410518003,0.2021979166203102,8.109857721395796,1,3.250502056114001,1,3.250502056114001,0.21999999999999997,0.05490196078431374,0.0,0.34615384615384615,0.12615384615384617,0.9626911491448061,0.7358405333885586
5,Daniil Medvedev,Marton Fucsovics,01:58:12,3,9,171,1,1,5,3,3,4,2,2,1,89,82,0,0,0,0,1,0,1,0,0,0,0,0,0,0,0,0,0,0,0,0,0,46.514,43.657,6,-0.7727920049756893,1,1,1,18,182,-1.760831131439668,0.0432605652958045,0.9905289564180538,2.409547495100508,2.189045972520463,0.4081428571428578,-0.4081428571428578,1.3991848726136102,-0.6734817203539908,5.288843969302032,2,4.98555433851957,0,4.98555433851957,0.55,0.07794871794871776,0.0,0.35443037974683544,-0.1955696202531646,0.9932104259179881,0.7515248853752038
5,Daniil Medvedev,Marton Fucsovics,01:59:11,3,9,172,1,1,5,3,3,3,2,2,2,89,83,0,0,0,0,0,1,1,0,0,0,0,0,1,0,1,0,0,0,0,0,0,23.77,20.957,5,-1.3476836754740045,2,1,1,18,182,-0.5500180152164982,-0.0563220188755657,0.991422514586288,0.7239153616621066,0.5208660913735397,0.468833333333333,-0.468833333333333,2.1995972869075957,0.2237441045288516,4.590890744189275,2,4.192740923921681,0,4.192740923921681,0.6200000000000001,0.14794871794871822,0.0,0.35,-0.27000000000000013,0.9851199339213516,0.7631785931573055
5,Daniil Medvedev,Marton Fucsovics,01:59:58,3,9,173,1,1,5,3,3,4,2,1,2,89,84,2,0,0,0,0,1,1,0,0,0,0,0,0,0,0,0,0,0,0,0,0,47.171,26.996,7,0.6233734805202181,1,0,0,18,182,-1.0154963362436396,-0.006525987086566,0.9895432937680818,2.458239911195699,0.964660730239014,2.521875,-2.521875,1.138105761948957,0.4589197110971154,2.0698960953827084,1,1.696807559191535,0,1.696807559191535,0.1100000000000001,0.05509803921568622,0.0,0.345679012345679,0.2356790123456789,0.8451173237085757,0.7791881064289342
5,Daniil Medvedev,Marton Fucsovics,02:01:53,3,10,174,1,1,5,4,0,0,1,1,1,90,84,0,0,0,0,0,0,0,0,0,0,1,0,0,0,0,0,0,0,0,0,0,12.939,14.465,5,0.2127365730214217,2,1,1,18,182,-1.248039042390921,0.043263227644467,0.9828759666842724,-0.0788054278767313,0.0437813429856177,-0.2543333333333333,0.2543333333333333,2.191471121451952,1.0226377385039884,2.5958667638416584,1,2.3665027663926073,0,2.3665027663926073,0.3500000000000001,0.12205128205128195,0.6666666666666666,0.0,0.31666666666666654,0.9142370475796352,0.7945714443770558
5,Daniil Medvedev,Marton Fucsovics,02:03:57,3,10,175,1,1,5,4,1,0,1,2,1,91,84,0,0,0,0,1,0,1,0,0,0,0,0,0,0,0,0,0,0,0,0,0,17.382,21.091,5,-2.333212253471116,4,0,1,18,183,-0.7823180090186999,-0.3052589976401839,0.9828759666842724,0.2504798152144936,0.530713496839341,-0.6181666666666668,0.6181666666666668,1.855470551256693,1.116950338800498,1.581826501536561,1,1.4109590798817082,0,1.4109590798817082,0.1499999999999999,0.015098039215686507,0.6702127659574468,0.0,0.5202127659574469,0.8039171716391156,0.8040836470501922
5,Daniil Medvedev,Marton Fucsovics,02:05:06,3,10,176,1,1,5,4,2,0,1,1,1,92,84,0,0,0,0,0,0,0,0,0,0,0,0,0,0,0,0,0,0,0,0,0,16.989,19.213,3,0.7876282435197367,3,1,1,18,183,0.3350501847429347,-0.2056406093835695,0.9884562475160776,0.2213533014771874,0.3927028441171417,-0.556,0.556,2.3161616236266447,1.710933519044609,0.7843684015308804,2,1.264830961930481,2,1.264830961930481,0.72,0.08580952380952461,0.6736842105263158,0.0,-0.0463157894736842,0.7798566098708335,0.8111531771636873
5,Daniil Medvedev,Marton Fucsovics,02:05:43,3,10,177,1,1,5,4,3,0,1,2,2,92,85,0,0,0,0,0,0,0,1,0,1,0,0,0,0,0,0,0,0,0,0,0,7.813,10.5,0,-1.6388135585900138e-16,1,0,0,18,183,0.1487960133725513,-0.1060366957450348,0.9929664128450048,-0.4587100319923332,-0.2475989754614109,-2.6870000000000003,2.6870000000000003,1.4373153412900916,0.9884712183088256,0.3493712479495301,2,0.8590297632798426,2,0.8590297632798426,0.72,0.08580952380952461,0.6666666666666666,0.0,-0.053333333333333344,0.7024579042370942,0.8111118870718098
5,Daniil Medvedev,Marton Fucsovics,02:06:11,3,10,178,1,1,5,4,3,1,1,1,2,92,86,0,0,0,0,0,1,0,0,0,0,0,0,0,0,0,0,0,0,0,0,0,3.435,5.42,2,-0.5264098604764116,4,1,0,18,183,0.102224160578876,0.5412083123189896,0.9929664128450048,-0.7831779127605939,-0.6209185259559648,-0.6616666666666666,0.6616666666666666,0.962336505481646,0.6794060784465241,-0.4642370395334794,1,0.6712961019956958,2,0.6712961019956958,0.08000000000000007,0.08509803921568629,0.6597938144329897,0.0,0.5797938144329896,0.6617933173451678,0.8100545148251013
5,Daniil Medvedev,Marton Fucsovics,02:06:32,3,10,179,1,1,5,4,3,2,1,1,1,93,86,1,1,0,0,0,0,0,0,0,0,0,0,0,0,0,0,0,0,0,0,0,0.7,0.606,1,0.8697556250194959,4,0,0,18,183,-0.4564151078124157,0.3419846030265636,0.9905289564180538,-0.985877696657623,-0.9746902417198982,0.0469999999999999,-0.0469999999999999,-0.3395168731558292,0.0417098503056603,-0.5863043651349681,1,0.9182753514917872,2,0.9182753514917872,0.09000000000000008,0.07509803921568625,0.6632653061224489,0.0,0.5732653061224489,0.7146905663908579,0.8083277282883645
5,Daniil Medvedev,Marton Fucsovics,02:14:03,4,1,180,2,1,0,0,0,0,2,1,1,94,86,0,0,0,0,0,0,0,0,0,0,1,0,1,0,0,0,0,0,0,0,0,6.895,7.447,2,-0.6085372419761709,4,0,0,18,183,-0.2701478199588528,0.1925781383419748,0.991422514586288,-0.5267460106458881,-0.4719581462605984,-0.1840000000000001,0.1840000000000001,-0.7038250746636044,-0.3679041664631677,-0.4362959984609362,1,0.8960255164438027,2,0.8960255164438027,0.1499999999999999,0.015098039215686507,0.0,0.35365853658536583,0.20365853658536592,0.7101320607529434,0.8053331245707567
5,Daniil Medvedev,Marton Fucsovics,02:14:47,4,1,181,2,1,0,0,1,0,2,1,2,94,87,0,0,0,0,0,1,0,0,0,0,0,0,1,0,1,0,0,0,0,0,0,10.871,9.619,3,0.0484818100219032,4,0,0,19,184,-0.1770091954550177,-0.2057382079794941,0.994234034441075,-0.2320716630134977,-0.3123419919940294,0.3130000000000001,-0.3130000000000001,-1.0159829396208755,-0.7711636833687088,-0.3930069247089451,2,0.8435903615548644,2,0.8435903615548644,0.9199999999999999,0.11419047619047545,0.0,0.3493975903614458,-0.5706024096385541,0.6992208483969657,0.8107106063007951
5,Daniil Medvedev,Marton Fucsovics,02:15:15,4,1,182,2,1,0,0,1,1,2,2,2,94,88,0,0,0,0,0,1,1,0,0,0,0,0,0,0,0,0,0,0,0,0,0,29.463,22.028,7,-1.3476836754740045,2,1,0,19,184,-0.9217634372517324,-0.1061376067642871,0.9936314844931846,1.1458421878872571,0.5995718469994583,0.9293750000000004,-0.9293750000000004,-1.1980923911140178,-1.0547221563379083,-0.23581528376127,2,0.7068811420742339,0,0.7068811420742339,0.52,0.04794871794871832,0.0,0.34523809523809523,-0.17476190476190478,0.6697116403269178,0.8047934783940622
5,Daniil Medvedev,Marton Fucsovics,02:16:00,4,1,183,2,1,0,0,1,2,2,1,2,94,89,0,0,0,0,0,1,0,0,0,0,0,0,0,0,0,0,0,0,0,0,0,1.422,0.576,1,0.5412460990204588,4,0,0,19,184,-1.2008325028094664,-0.1061230042856255,0.9905289564180538,-0.9323679182394676,-0.9768948847346296,0.423,-0.423,-0.5536547276902629,-0.7140027404124409,0.3031682191459305,1,0.5062387206014552,0,0.5062387206014552,0.5900000000000001,0.11794871794871795,0.0,0.3411764705882353,-0.24882352941176478,0.6239243297073577,0.7812422781352757
5,Daniil Medvedev,Marton Fucsovics,02:16:45,4,1,184,2,1,0,0,1,3,2,1,1,95,89,0,0,0,0,0,0,0,0,0,0,1,0,0,0,0,0,0,0,0,0,0,25.896,31.583,6,0.7876282435197367,3,1,1,19,184,-1.200577760077963,-0.0563223805861425,0.9844802434215912,0.8814801662562871,1.301750647191478,-0.8124285714285713,0.8124285714285713,-0.6135740356104487,-0.8571711001229686,0.3920882825832388,2,0.49646254963714737,0,0.49646254963714737,0.45999999999999996,0.012051282051282742,0.0,0.3488372093023256,-0.11116279069767437,0.6216276578263664,0.7791805324510651
5,Daniil Medvedev,Marton Fucsovics,02:17:23,4,1,185,2,1,0,0,2,3,2,1,2,95,90,2,0,0,0,0,0,0,0,0,0,0,0,0,0,0,0,0,0,0,0,0,22.914,13.719,3,0.6233734805202181,4,1,0,19,184,-0.6884602184274969,-0.3550280836420048,0.9844802434215912,0.6604744055319944,-0.0110407799807084,2.2987500000000005,-2.2987500000000005,0.1364144802151829,0.058379329016795,-0.0551045470755686,1,0.589500942985564,0,0.589500942985564,0.24,0.0749019607843137,0.0,0.3448275862068966,0.10482758620689658,0.6432506306507029,0.7578844978847916
5,Daniil Medvedev,Marton Fucsovics,02:18:24,4,2,186,2,1,0,1,0,0,1,1,1,96,90,0,0,0,0,1,0,0,0,0,0,0,0,0,0,0,0,0,0,0,0,0,8.98,8.984,3,1.0340103880190143,3,1,1,19,184,-0.4091282090174672,-0.2056219514858217,0.9791636554813196,-0.3722198499785002,-0.3590069358058486,-0.0009999999999998,0.0009999999999998,0.6132388188011008,0.2437533901448772,0.7900238108149311,1,0.9280871439737658,0,0.9280871439737658,0.17999999999999994,0.014901960784313661,0.6666666666666666,0.0,0.4866666666666667,0.7166870473839572,0.7394496059825229
5,Daniil Medvedev,Marton Fucsovics,02:18:46,4,2,187,2,1,0,1,1,0,1,1,1,97,90,0,0,1,0,1,0,0,0,0,0,0,0,0,0,0,0,0,0,0,0,0,1.787,1.69,1,0.6233734805202181,3,1,0,19,185,0.3821001414179241,-0.1060227563804556,0.9811090380629608,-0.9053165759643614,-0.8950291407875958,0.0484999999999999,-0.0484999999999999,0.5569509840881999,0.2249854486881915,0.6619876275338248,1,1.1377328360457786,2,1.1377328360457786,0.18999999999999995,0.0249019607843136,0.67,0.0,0.4800000000000001,0.757263141832779,0.7242591531766179
5,Daniil Medvedev,Marton Fucsovics,02:19:01,4,2,188,2,1,0,1,2,0,1,2,1,98,90,0,0,0,0,0,0,0,0,0,0,0,0,0,0,0,0,0,0,0,0,0,10.369,15.366,1,-1.1013015309747265,1,1,0,19,185,1.6848324113154989,-0.0562227981628291,0.9872576505358884,-0.2692765228000822,0.1099941215280573,-2.4985,2.4985,-0.2668576428363197,-0.3761206825654649,0.4337006724761161,1,1.655279249583338,2,1.655279249583338,0.040000000000000036,0.1250980392156863,0.6732673267326733,0.0,0.6332673267326733,0.8396032801842034,0.7238915502749932
5,Daniil Medvedev,Marton Fucsovics,02:19:25,4,2,189,2,1,0,1,3,0,1,1,1,99,90,1,0,0,0,1,0,0,0,0,0,0,0,0,0,0,0,0,0,0,0,0,5.996,5.938,1,0.7055008620199773,4,0,1,19,185,1.1261795549771558,-0.056215096684912,0.9929664128450048,-0.5933738372358073,-0.5828516899015987,0.0290000000000003,-0.0290000000000003,-0.0005396855775512,0.0610097964020627,-0.5726978423984441,1,0.9035752594052983,2,0.9035752594052983,0.020000000000000018,0.14509803921568631,0.6764705882352942,0.0,0.6564705882352941,0.7116836650448818,0.7103879914393428
5,Daniil Medvedev,Marton Fucsovics,02:20:04,4,3,190,2,1,1,1,0,0,2,2,1,100,90,0,0,0,0,0,0,0,0,0,0,1,0,0,0,0,0,0,0,0,0,0,69.557,68.905,20,-1.7583205829728006,3,0,0,19,185,1.1259492432494518,-0.0064219930934092,0.9961275965593288,4.117339495224545,4.044473533718592,0.0310476190476189,-0.0310476190476189,-0.5928865447984619,-0.696949036128177,-0.3331906988483727,2,1.0543497028620659,2,1.0543497028620659,0.6499999999999999,0.15580952380952426,0.0,0.3522727272727273,-0.2977272727272726,0.7416092863533655,0.706234132420293
5,Daniil Medvedev,Marton Fucsovics,02:21:14,4,3,191,2,1,1,1,1,0,2,1,2,100,91,0,0,0,0,0,0,0,0,0,0,0,0,1,0,1,0,0,0,0,0,0,18.732,13.568,3,-1.1013015309747265,4,1,0,19,186,0.7070720748757578,-0.3051316539760249,0.9980732653366724,0.350532724999133,-0.0221374831548576,1.291,-1.291,0.7954971011633947,0.934118077617731,-0.1733187774446437,2,0.8644791841496535,2,0.8644791841496535,0.8899999999999999,0.08419047619047629,0.0,0.34831460674157305,-0.5416853932584269,0.7035956339882502,0.701150067361454
5,Daniil Medvedev,Marton Fucsovics,02:21:46,4,3,192,2,1,1,1,1,1,2,2,2,100,92,0,0,0,0,0,0,0,0,0,0,0,0,0,0,0,0,0,0,0,0,0,33.078,26.652,7,-1.1013015309747265,2,1,1,19,186,0.1487070062847681,-0.2055191044653045,0.9982562986690452,1.4137616463105698,0.9393808236700916,0.8032500000000002,-0.8032500000000002,1.0857768283554712,1.0696019258656788,0.3467463000374972,1,0.9566184126811755,0,0.9566184126811755,0.27,0.10490196078431366,0.0,0.34444444444444444,0.07444444444444442,0.7224442444277981,0.7024824900408344
5,Daniil Medvedev,Marton Fucsovics,02:22:38,4,3,193,2,1,1,1,1,2,2,2,1,101,92,0,0,0,0,0,0,0,0,0,0,1,0,0,0,0,0,0,0,0,0,0,11.545,8.073,4,-2.6617217794701524,2,1,1,19,186,-0.0839270915895921,-0.1059210255417177,0.997647684429022,-0.1821193213876851,-0.4259545953531987,0.6944000000000001,-0.6944000000000001,2.0171901736761506,1.807374137899988,0.5304605165285444,2,0.735581313976197,0,0.735581313976197,0.8,0.005809523809528253,0.0,0.3516483516483517,-0.44835164835164837,0.676028856558801,0.7034315259884099
5,Daniil Medvedev,Marton Fucsovics,02:23:19,4,3,194,2,1,1,1,2,2,2,1,2,101,93,0,0,0,0,0,0,0,0,0,0,0,0,1,0,1,0,0,0,0,0,0,6.962,9.626,1,0.7055008620199773,3,1,0,19,186,0.0091296449691449,-0.354827924895581,0.9978710602840356,-0.5217804217899097,-0.3118275752905921,-1.332,1.332,2.052195194100462,1.5918235913746208,0.7067958821579327,1,0.9034653110277558,0,0.9034653110277558,0.29000000000000004,0.12490196078431373,0.0,0.34782608695652173,0.057826086956521694,0.7116611042093759,0.7032295618429777
5,Daniil Medvedev,Marton Fucsovics,02:23:45,4,3,195,2,1,1,1,2,3,2,1,1,102,93,0,0,0,0,1,0,0,0,0,0,0,0,0,0,0,0,0,0,0,0,0,21.046,14.399,4,-0.6085372419761709,4,1,0,19,186,-0.3165304365999733,-0.2552092920832629,0.9974009322376768,0.522030823696656,0.0389311283532081,1.3294,-1.3294,2.080949318020432,1.700825430889985,0.1116323821839096,2,0.6136563056891826,0,0.6136563056891826,0.3799999999999999,0.09205128205128224,0.0,0.3548387096774194,-0.02516129032258052,0.6487744030008309,0.6991390513261703
5,Daniil Medvedev,Marton Fucsovics,02:24:22,4,3,196,2,1,1,1,3,3,2,1,2,102,94,0,0,0,0,0,0,0,0,0,0,0,0,0,0,0,0,0,0,0,0,0,27.512,27.605,7,0.6233734805202181,1,0,1,19,186,0.3348255624465791,-0.1058216207680976,0.997647684429022,1.001247204931826,1.009414983438066,-0.0116249999999999,0.0116249999999999,0.6369624593437677,0.089856270200055,0.6449170818086067,1,1.1534191734960517,0,1.1534191734960517,0.19999999999999996,0.03490196078431356,0.0,0.35106382978723405,0.1510638297872341,0.7601348886859848,0.7031999873454382
5,Daniil Medvedev,Marton Fucsovics,02:25:19,4,3,197,2,1,1,1,3,4,2,2,1,103,94,0,0,0,0,0,0,0,0,0,0,0,0,1,0,0,0,0,0,0,0,0,72.328,85.315,18,-2.6617217794701524,2,1,1,19,186,0.2882589314093213,-0.0560229573041119,0.9971283708442996,4.322707356715831,5.250413262776786,-0.6835263157894738,0.6835263157894738,0.8983094655728933,0.5047312217394183,0.5646838634755104,1,1.0956193983791702,0,1.0956193983791702,0.17999999999999994,0.014901960784313661,0.0,0.35789473684210527,0.17789473684210533,0.7494384132981733,0.7085151055435219
5,Daniil Medvedev,Marton Fucsovics,02:26:48,4,3,198,2,1,1,1,3,3,2,2,1,104,94,0,0,0,0,0,0,0,0,0,0,0,0,1,0,0,0,0,0,0,0,0,54.905,52.419,14,-1.265556293974245,0,1,1,19,186,0.14865546424544,-0.0560152835767799,0.997647684429022,3.031431914361924,2.8329487090230767,0.1657333333333337,-0.1657333333333337,2.066631788408107,2.238563898390675,-0.0351975492990508,1,0.7787830279092903,2,0.7787830279092903,0.20999999999999996,0.0449019607843136,0.0,0.3645833333333333,0.15458333333333335,0.6854177693408006,0.7126146681857513
5,Daniil Medvedev,Marton Fucsovics,02:28:09,4,3,199,2,1,1,1,4,3,2,2,1,105,94,1,0,0,0,0,0,0,0,0,0,1,0,0,0,0,1,0,1,0,0,0,37.959,28.444,6,-2.1689574904715965,2,1,0,19,186,0.055592244587623,-0.0062234736963375,0.998421971939596,1.7755085001319222,1.07107149975006,1.3592857142857149,-1.3592857142857149,3.357293085685428,3.549245995773634,-0.0725151205214744,1,0.7837273803829439,2,0.7837273803829439,0.55,0.07794871794871776,0.0,0.3711340206185567,-0.17886597938144333,0.686482893216912,0.7169383505451211
5,Daniil Medvedev,Marton Fucsovics,02:36:02,4,4,200,2,1,2,1,0,0,1,2,1,106,94,0,0,0,0,0,0,0,0,0,0,1,0,0,0,0,0,0,0,0,0,0,3.61,4.743,1,-1.3476836754740045,2,1,0,19,186,2.8917713496954547,-0.3049255692939197,0.9991333427889209,-0.7702080911218444,-0.6706699699884081,-0.5665000000000002,0.5665000000000002,4.27995517590003,4.105427290784516,0.567915912902146,1,2.803643945154048,2,2.803643945154048,0.24,0.0749019607843137,0.6796116504854369,0.0,0.43961165048543693,0.9428724186859385,0.7369131364141367
5,Daniil Medvedev,Marton Fucsovics,02:36:25,4,4,201,2,1,2,1,1,0,1,1,1,107,94,0,0,0,0,0,0,0,0,0,0,0,0,0,0,0,0,0,0,0,0,0,6.665,6.951,1,0.5412460990204588,4,0,0,19,187,1.868194811471506,-0.5040103120723016,0.9995241823811616,-0.5437920619425304,-0.5084082441041612,-0.1429999999999998,0.1429999999999998,3.760952168996724,3.820036357389625,0.1951282900010052,1,1.78445071715333,2,1.78445071715333,0.040000000000000036,0.1250980392156863,0.6826923076923077,0.0,0.6426923076923077,0.856245569742353,0.7462170379046965
5,Daniil Medvedev,Marton Fucsovics,02:36:44,4,4,202,2,1,2,1,2,0,1,1,1,108,94,0,0,0,0,0,0,0,0,0,0,0,0,0,0,0,0,0,0,0,0,0,15.08,19.585,3,0.2948639545211809,2,1,1,19,187,0.9381743280800678,-0.3048075704954568,0.9997636593516778,0.0798710757150563,0.4200404174998137,-1.1262500000000002,1.1262500000000002,3.140416743158617,3.2095905891276018,-0.0319346835398596,2,0.8699978086837308,2,0.8699978086837308,0.6799999999999999,0.12580952380952376,0.6857142857142857,0.0,0.005714285714285783,0.7047452420305521,0.7427158445845481
5,Daniil Medvedev,Marton Fucsovics,02:37:11,4,4,203,2,1,2,1,3,0,1,2,2,108,95,0,0,0,0,0,1,0,0,0,0,0,0,0,0,0,0,0,0,0,0,0,4.342,4.771,2,-0.4442824789766523,3,0,0,19,187,0.4731877355041899,-0.1554177480176025,0.9998826227421188,-0.7159571800386176,-0.6686123031746586,-0.1430000000000002,0.1430000000000002,1.436362823727526,1.2668869797607598,-0.4211929407992369,1,0.41158509247942615,2,0.41158509247942615,0.29000000000000004,0.12490196078431373,0.6792452830188679,0.0,0.38924528301886785,0.6014678933191232,0.726840152126876
5,Daniil Medvedev,Marton Fucsovics,02:37:38,4,4,204,2,1,2,1,3,1,1,1,1,109,95,1,0,1,0,1,0,0,0,0,0,0,0,0,0,0,0,0,0,0,0,0,8.03,9.445,1,0.7876282435197367,3,1,0,19,187,-0.0847037356771766,-0.1056138792845341,0.9998937914787018,-0.4426274531602837,-0.3251289214794727,-0.7075000000000005,0.7075000000000005,-0.068704223648701,-0.1413884131969656,-0.2489440100143613,1,0.5560512116946432,2,0.5560512116946432,0.16999999999999993,0.004901960784313842,0.6822429906542056,0.0,0.5122429906542056,0.635538375478125,0.7217637994890923
5,Daniil Medvedev,Marton Fucsovics,02:38:14,4,5,205,2,1,3,1,0,0,2,2,1,110,95,0,0,0,0,0,0,0,0,1,0,1,0,0,0,0,0,0,0,0,0,0,1.043,1.167,0,-1.6388135585900138e-16,1,0,0,19,187,1.0308951675850024,-0.0558169395741805,0.9999213166262888,-0.9604568462456738,-0.933463417344417,-0.1240000000000001,0.1240000000000001,-0.9595760402126532,-0.7029193104183352,-0.3894021644218,1,0.980938358519876,2,0.980938358519876,0.27,0.10490196078431366,0.0,0.37755102040816324,0.10755102040816322,0.7272943674980465,0.7208094715654043
5,Daniil Medvedev,Marton Fucsovics,02:38:58,4,5,206,2,1,3,1,1,0,2,2,1,111,95,0,0,0,0,0,0,0,0,0,0,1,0,0,0,0,0,0,0,0,0,0,38.123,35.757,8,-2.1689574904715965,4,0,1,19,188,0.751845541804052,-0.6034013697597296,0.9999522746438816,1.7876630758390928,1.608489978641137,0.2628888888888889,-0.2628888888888889,-1.0359858084347675,-0.808610898842127,-0.3371590991649791,2,1.002726527580913,2,1.002726527580913,0.8799999999999999,0.07419047619047618,0.0,0.3838383838383838,-0.4961616161616161,0.7315943086535768,0.7226760498764261
5,Daniil Medvedev,Marton Fucsovics,02:39:46,4,5,207,2,1,3,1,2,0,2,1,2,111,96,0,0,0,0,0,1,0,0,0,0,0,0,1,0,1,0,0,0,0,0,0,48.358,46.231,11,0.2948639545211809,3,1,1,19,188,0.3798980286222972,-0.7028572905248106,0.9999738072052126,2.5462123585396745,2.378204343184436,0.1772499999999999,-0.1772499999999999,-0.0996015120844454,0.042773859585094,-0.1581550221147503,2,1.0015591128741035,2,1.0015591128741035,0.8400000000000001,0.03419047619047507,0.0,0.38,-0.4600000000000001,0.7313650083740372,0.723270767472842
5,Daniil Medvedev,Marton Fucsovics,02:40:32,4,5,208,2,1,3,1,2,1,2,1,2,111,97,0,0,0,0,0,1,0,0,0,0,0,0,0,0,0,0,0,0,0,0,0,11.229,10.808,3,0.3769913360209402,3,1,1,19,188,-0.6891901198872648,-0.4040794428895285,0.9999738072052126,-0.2055391136039415,-0.2249646405101663,0.1052499999999998,-0.1052499999999998,0.8909572206368348,0.8303180612462667,0.0219712675057134,2,0.5559646982355297,0,0.5559646982355297,0.8,0.005809523809528253,0.0,0.37623762376237624,-0.4237623762376238,0.6355183361869643,0.7205700661147196
5,Daniil Medvedev,Marton Fucsovics,02:40:59,4,5,209,2,1,3,1,2,2,2,2,2,111,98,0,0,0,0,0,0,0,0,0,1,0,0,0,0,0,0,0,0,0,0,0,7.927,6.982,1,-0.6906646234759302,4,1,0,19,188,-0.8749784965254496,-0.2049077715589572,0.9999646437492582,-0.4502611196105192,-0.5061301129889385,0.4724999999999997,-0.4724999999999997,1.095956859805398,1.008746506244709,0.0546127455339668,1,0.45556459703192836,0,0.45556459703192836,0.06000000000000005,0.10509803921568629,0.0,0.37254901960784315,0.3125490196078431,0.6119614493012782,0.7139234224541797
5,Daniil Medvedev,Marton Fucsovics,02:41:36,4,5,210,2,1,3,1,2,3,2,1,1,112,98,0,0,0,0,1,0,1,0,0,0,0,0,1,0,0,0,0,0,0,0,0,38.08,40.468,10,0.6233734805202181,3,1,1,19,188,-0.6424674960394339,0.1435715789301827,0.9999417087343389,1.7844762053792858,1.9546924200544924,-0.2170909090909099,0.2170909090909099,1.0928909439008885,0.9359505380434232,0.214510987128359,2,0.4132711070416841,0,0.4132711070416841,0.81,0.004190476190492404,0.0,0.3786407766990291,-0.43135922330097093,0.6018719689797812,0.7107965935194431
5,Daniil Medvedev,Marton Fucsovics,02:42:28,4,5,211,2,1,3,1,3,3,2,2,2,112,99,0,0,0,0,0,1,0,0,0,0,0,0,1,0,1,0,0,0,0,0,0,40.435,30.632,7,-1.3476836754740045,2,1,1,19,188,0.2406646086218035,0.1435517678498139,0.9999417087343389,1.9590129480036016,1.2318634636244865,1.225375,-1.225375,2.1953407240498763,2.097523557239016,0.0858441319377826,2,0.8419359038073434,2,0.8419359038073434,0.8300000000000001,0.024190476190476526,0.0,0.375,-0.45500000000000007,0.6988727830011857,0.7067124531404564
5,Daniil Medvedev,Marton Fucsovics,02:43:19,4,5,212,2,1,3,1,3,4,2,1,2,112,100,2,0,0,0,0,0,0,0,0,0,0,0,0,0,0,0,0,0,0,0,0,4.731,6.125,1,0.7055008620199773,2,1,1,19,188,-0.6888706576641069,0.0937534465814271,0.9999213166262888,-0.68712711936734,-0.5691094151097718,-0.6970000000000001,0.6970000000000001,2.264160117945291,1.9460500139862384,0.6010589157653966,1,0.37035547869890856,0,0.37035547869890856,0.32000000000000006,0.15205128205128204,0.0,0.37142857142857144,0.05142857142857138,0.5915448718254854,0.6961862170422773
5,Daniil Medvedev,Marton Fucsovics,02:45:05,4,6,213,2,1,3,2,0,0,1,1,1,113,100,0,0,0,0,0,0,0,0,0,0,0,0,0,0,0,0,0,0,0,0,0,4.045,7.317,1,-0.8549193864754486,4,0,1,19,188,-0.4564043718475731,0.0439619988667819,0.9998702796695016,-0.7379688201912382,-0.4815115993244354,-1.636,1.636,0.9655512522553072,0.7606845650699661,0.2566280430301534,1,0.8475647944438951,0,-0.8475647944438951,0.81,0.004190476190492404,0.6851851851851852,0.0,-0.12481481481481482,0.29994394684092707,0.6704879622089525
5,Daniil Medvedev,Marton Fucsovics,02:45:24,4,6,214,2,1,3,2,1,0,1,1,1,114,100,0,0,0,0,0,0,0,0,0,0,0,0,0,0,0,0,0,0,0,0,0,5.702,6.244,1,0.5412460990204588,3,1,0,19,189,-0.1774996876392889,0.0439559851004362,0.9998702796695016,-0.6151631375889066,-0.5603643311513363,-0.2709999999999999,0.2709999999999999,0.751711059459175,0.6575052207781713,-0.3537789053625355,2,0.5970794832179124,2,0.5970794832179124,0.74,0.06580952380952444,0.6880733944954128,0.0,-0.051926605504587164,0.6449878541332269,0.6677216262700401
5,Daniil Medvedev,Marton Fucsovics,02:45:39,4,6,215,2,1,3,2,2,0,1,1,2,114,101,0,0,0,0,0,1,0,0,0,0,0,0,0,0,0,0,0,0,0,0,0,37.559,42.345,12,-0.6085372419761709,2,1,1,19,189,-0.0380537697894085,-0.0058286458197437,0.999913042143232,1.7458631935290656,2.0926295846762004,-0.368153846153846,0.368153846153846,0.685481322686988,0.6356930305497713,-0.3392206185602068,2,0.4912192415295505,2,0.4912192415295505,0.8300000000000001,0.024190476190476526,0.6818181818181818,0.0,-0.1481818181818183,0.6203936123997608,0.646223039184295
5,Daniil Medvedev,Marton Fucsovics,02:46:13,4,6,216,2,1,3,2,2,1,1,1,2,114,102,0,0,0,0,0,1,0,0,0,0,0,0,0,0,0,0,0,0,0,0,0,12.941,23.156,6,0.9518830065192552,3,1,1,19,189,-0.6886687439528191,-0.0058278490142223,0.9999038975845004,-0.078657201343717,0.6824664243533671,-1.459285714285714,1.459285714285714,0.669973146121456,0.6911692921469348,-0.3125692139003201,1,1.0560653994403006,0,1.0560653994403006,0.76,0.04580952380952435,0.6756756756756757,0.0,-0.08432432432432435,0.7419379203204298,0.6386025292228333
5,Daniil Medvedev,Marton Fucsovics,02:46:38,4,6,217,2,1,3,2,2,2,1,1,1,115,102,0,0,0,0,0,0,0,0,0,0,1,0,0,0,0,0,0,0,0,0,0,17.151,22.178,7,-0.1157729529776153,4,0,0,19,189,-0.9208966590710232,-0.0058270523176445,0.9998566388190988,0.2333596506513441,0.6105950620731165,-0.6283750000000001,0.6283750000000001,-0.1484180371659677,0.4702100317844445,-0.8687705732660568,1,1.3525531225848062,2,-1.3525531225848062,0.24,0.0749019607843137,0.6785714285714286,0.0,0.4385714285714286,0.20545328094444193,0.6053163984837594
5,Daniil Medvedev,Marton Fucsovics,02:47:05,4,6,218,2,1,3,2,3,2,1,1,1,116,102,1,0,0,0,0,0,0,0,0,0,0,0,0,0,0,0,0,0,0,0,0,26.571,29.643,7,0.7876282435197367,2,1,1,19,189,-0.5490089402376566,-0.3044960539354119,0.9998702796695016,0.9315066211486068,1.159183732238834,-0.3839999999999999,0.3839999999999999,0.2212778418050731,0.94466950297212,-1.016856872245133,2,1.1424990760893006,2,-1.1424990760893006,0.8200000000000001,0.014190476190475348,0.6814159292035398,0.0,-0.1385840707964603,0.24186182313745896,0.5813426604716484
5,Daniil Medvedev,Marton Fucsovics,02:47:57,4,7,219,2,1,4,2,0,0,2,2,2,116,103,0,0,0,0,0,0,0,0,0,1,0,0,0,0,0,0,0,0,0,0,0,11.393,11.288,3,-1.265556293974245,3,1,0,19,189,-0.2701189260857857,-0.2048971895890032,0.999913042143232,-0.1933845378967703,-0.1896903522744604,0.0262500000000001,-0.0262500000000001,0.8917906735040805,1.6045325911011952,-0.9207012734398288,2,1.032034509285167,2,1.032034509285167,0.8,0.005809523809528253,0.0,0.36792452830188677,-0.4320754716981133,0.7373101377311828,0.5881274446218523
5,Daniil Medvedev,Marton Fucsovics,02:48:35,4,7,220,2,1,4,2,0,1,2,1,2,116,104,0,0,0,0,0,0,0,0,0,0,0,0,0,0,0,0,0,0,0,0,0,14.389,10.699,1,-0.7727920049756893,4,0,1,19,190,-0.1771445536015093,0.1933555213833759,0.9999038975845004,0.0286588085586222,-0.2329748434636912,1.845,-1.845,1.0611899687717286,1.7536121134752454,-0.723856664695177,2,0.8940598260357976,2,0.8940598260357976,0.79,0.015809523809529102,0.0,0.3644859813084112,-0.42551401869158884,0.7097272670887161,0.5869563045945636
5,Daniil Medvedev,Marton Fucsovics,02:49:07,4,7,221,2,1,4,2,0,2,2,1,2,116,105,0,0,0,0,0,0,0,0,0,0,0,0,1,0,1,0,0,0,0,0,0,1.185,7.266,1,0.2127365730214217,4,0,0,19,190,-0.0841823627416,0.1435508938291064,0.9998566388190988,-0.9499327624016598,-0.4852594924494792,-3.0405,3.0405,0.3715077211260754,0.8182888452259975,-0.0377270669984565,2,0.8652900445588134,2,0.8652900445588134,0.4099999999999999,0.06205128205128232,0.0,0.3611111111111111,-0.048888888888888815,0.7037647100463671,0.5851009980207496
5,Daniil Medvedev,Marton Fucsovics,02:49:30,4,7,222,2,1,4,2,0,3,2,1,2,116,106,2,0,0,0,0,0,0,0,0,0,0,0,0,0,0,0,0,0,0,0,0,11.696,6.122,1,1.0340103880190143,3,0,0,19,190,-0.2700494830266386,0.0439753570315337,0.9997636593516778,-0.1709282181451069,-0.5693298794112449,2.787,-2.787,0.0215765815782846,0.3486469716090931,-1.036414812229567,2,1.0742093335749077,2,-1.0742093335749077,0.6399999999999999,0.16580952380952393,0.0,0.3577981651376147,-0.2822018348623852,0.25460340983729546,0.5533168914516334
5,Daniil Medvedev,Marton Fucsovics,02:51:11,4,8,223,2,1,4,3,0,0,1,1,2,116,107,0,0,0,0,0,0,0,0,0,1,0,0,0,0,0,0,0,0,0,0,0,14.252,18.577,4,0.9518830065192552,3,1,0,19,190,-0.1770756793423763,0.0439693415122208,0.9995694429186754,0.018505291047144,0.3459644122048315,-0.8650000000000002,0.8650000000000002,-0.1407978966654374,-0.1259011670185352,0.0992302795260233,2,0.7854592271199454,2,0.7854592271199454,0.8600000000000001,0.054190476190475206,0.6754385964912281,0.0,-0.18456140350877204,0.6868555079923859,0.5567393695719949
5,Daniil Medvedev,Marton Fucsovics,02:51:35,4,8,224,2,1,4,3,0,1,1,1,2,116,108,0,0,0,0,0,1,0,0,0,0,0,0,0,0,0,0,0,0,0,0,0,10.7,9.214,4,0.8697556250194959,1,0,0,19,191,-0.0841140562470636,0.342628291614053,0.9991333427889209,-0.2447450315862188,-0.3421046726929062,0.2971999999999997,-0.2971999999999997,-0.5074873920796282,-0.4529657971912643,-0.1384394371336922,1,0.6792386811593273,2,0.6792386811593273,0.020000000000000018,0.14509803921568631,0.6695652173913044,0.0,0.6495652173913044,0.6635687577511405,0.5601798568019857
5,Daniil Medvedev,Marton Fucsovics,02:51:55,4,8,225,2,1,4,3,0,2,1,1,1,117,108,0,0,0,0,0,0,0,0,0,0,0,1,0,1,0,0,0,0,0,0,0,7.42,12.201,3,-0.1157729529776153,4,0,1,19,191,-0.5952535867357571,0.1932483702530149,0.9982562986690452,-0.4878365457296393,-0.1225957165261282,-1.19525,1.19525,-0.5281153505439546,-0.514264554011998,0.0179985228912497,1,0.9199149421012652,0,-0.9199149421012652,0.27,0.10490196078431366,0.6724137931034483,0.0,0.40241379310344827,0.28497522574916206,0.5390534072532778
5,Daniil Medvedev,Marton Fucsovics,02:52:21,4,8,226,2,1,4,3,1,2,1,1,1,118,108,0,0,1,0,1,0,0,0,0,0,0,0,0,0,0,0,0,0,0,0,0,0.885,1.68,1,1.1161377695187735,3,0,0,19,191,-0.1304940890304209,0.093667030995464,0.9980732653366724,-0.972166742353802,-0.8957640217925062,-0.3974999999999999,0.3974999999999999,-0.735555815966594,-0.46987172240894,-0.5365208175283988,2,0.5750679558165535,2,0.5750679558165535,0.7,0.10580952380952378,0.6752136752136753,0.0,-0.0247863247863247,0.6399317552049814,0.5351240054001974
5,Daniil Medvedev,Marton Fucsovics,02:52:49,4,8,227,2,1,4,3,2,2,1,2,2,118,109,0,0,0,0,0,0,0,1,0,1,0,0,0,0,0,0,0,0,0,0,0,6.567,10.429,0,-1.6388135585900138e-16,1,0,1,19,191,1.402794627706724,0.0438768043796238,0.9985719267115776,-0.5510551620602301,-0.2528166305962757,-3.862,3.862,-0.7444856681156531,-0.6349704956011383,-0.3888250012453985,1,1.149088561833084,2,1.149088561833084,0.040000000000000036,0.1250980392156863,0.6694915254237288,0.0,0.6294915254237288,0.7593443996711278,0.546310640589907
5,Daniil Medvedev,Marton Fucsovics,02:53:25,4,8,228,2,1,4,3,2,3,1,1,1,119,109,0,0,0,0,0,0,0,0,0,0,0,0,0,0,0,0,1,0,0,0,1,2.773,3.349,1,0.9518830065192552,4,0,1,19,191,0.9379522142048584,0.6411817460022619,0.998421971939596,-0.8322408951883209,-0.7731123820729373,-0.288,0.288,-0.897156373690731,-0.50767360764217,-1.5077989811773116,1,1.4547680502983558,2,-1.4547680502983558,0.07000000000000006,0.09509803921568627,0.6722689075630253,0.0,0.6022689075630252,0.18926884286252063,0.5389323003246799
5,Daniil Medvedev,Marton Fucsovics,02:53:46,4,8,229,2,1,4,3,3,3,1,1,1,120,109,0,0,0,0,1,0,0,0,0,0,0,1,0,1,0,0,0,0,0,0,0,20.544,30.418,5,0.7876282435197367,4,1,1,19,191,0.984234395551938,0.3922101882213344,0.9987076502237128,0.4848259639100716,1.2161370101194005,-1.6456666666666666,1.6456666666666666,-1.238842283087557,-0.9577495328428132,-1.1198102576685138,1,1.1062325124094305,2,-1.1062325124094305,0.07000000000000006,0.09509803921568627,0.675,0.0,0.605,0.24857393168911746,0.5125047054950725
5,Daniil Medvedev,Marton Fucsovics,02:54:15,4,8,230,2,1,4,3,4,3,1,1,1,121,109,1,0,0,0,0,0,0,0,0,0,0,0,0,0,0,0,0,0,0,0,0,5.693,9.305,1,1.1161377695187735,3,1,0,19,191,1.4949236051370165,0.193054054388697,0.9992157514472092,-0.6158301569874709,-0.3354172555482203,-1.806,1.806,-0.9458240679031024,-0.3310480672561019,-1.3756146627070154,1,1.5770485647677628,2,-1.5770485647677628,0.050000000000000044,0.11509803921568629,0.6776859504132231,0.0,0.6276859504132231,0.17121388344892283,0.48255939023168337
5,Daniil Medvedev,Marton Fucsovics,02:54:56,4,9,231,2,1,5,3,0,0,2,2,1,122,109,0,0,0,0,0,0,0,0,0,0,1,0,0,0,0,0,0,0,0,0,0,10.382,8.689,2,-1.1013015309747265,2,1,1,19,191,0.9837287019524752,0.0934767857502542,0.9995694429186754,-0.2683130503354894,-0.3806859254507095,0.5643333333333334,-0.5643333333333334,-0.9972302501078518,-0.4166417026239151,-1.5405206399865317,1,1.4719500032398274,2,-1.4719500032398274,0.6299999999999999,0.15794871794871798,0.0,0.36363636363636365,-0.26636363636363625,0.18664640400222104,0.4455399558104694
5,Daniil Medvedev,Marton Fucsovics,02:55:38,4,9,232,2,1,5,3,1,0,2,1,1,123,109,0,0,0,0,0,0,0,0,0,0,1,0,0,0,0,0,0,0,0,0,0,23.342,22.963,6,0.2948639545211809,2,1,1,19,192,0.3797715855494384,-0.2051878143080593,0.9997636593516778,0.6921948835970504,0.6682832209585938,0.0541428571428568,-0.0541428571428568,-0.7145408972424752,-0.2094850070807509,-0.9496226665424732,2,0.8763081899037122,2,-0.8763081899037122,0.9099999999999999,0.10419047619047614,0.0,0.36936936936936937,-0.5406306306306305,0.29394339637834455,0.4514392968393963
5,Daniil Medvedev,Marton Fucsovics,02:56:08,4,9,233,2,1,5,3,2,0,2,1,2,123,110,0,0,0,0,0,0,0,0,0,0,0,0,1,0,1,0,0,0,0,0,0,6.155,7.528,1,-0.1979003344773746,4,0,1,19,192,0.2403770770210544,-0.5038024744535413,0.9998826227421188,-0.581589827861172,-0.4660056101208231,-0.6864999999999997,0.6864999999999997,-0.2152133312409285,0.1609675570422372,-0.5066358353820692,1,0.8385300194635451,2,0.8385300194635451,0.29000000000000004,0.12490196078431373,0.0,0.36607142857142855,0.07607142857142851,0.6981555308196802,0.4818588773515444
5,Daniil Medvedev,Marton Fucsovics,02:56:32,4,9,234,2,1,5,3,2,1,2,1,1,124,110,0,0,0,0,0,0,0,0,0,0,1,0,0,0,0,0,0,0,0,0,0,29.656,27.715,6,-0.3621550974768931,2,1,1,19,192,-0.1312399354782092,-0.3046340494861535,0.9998937914787018,1.160146048323135,1.0174986744920818,0.2772857142857146,-0.2772857142857146,-0.1145441313472039,0.2844813008965505,-0.6439090991129119,2,0.8788191702778893,2,-0.8788191702778893,0.8500000000000001,0.04419047619047654,0.0,0.37168141592920356,-0.4783185840707965,0.2934225355829787,0.45226637054166413
5,Daniil Medvedev,Marton Fucsovics,02:57:07,4,9,235,2,1,5,3,3,1,2,2,2,124,111,0,0,0,0,0,1,0,0,0,0,0,0,0,0,0,1,0,0,0,1,0,27.408,28.402,9,-1.265556293974245,2,1,0,19,192,-0.1776711305687505,-0.4539080675549744,0.9999213166262888,0.9935394252150836,1.067984999529436,-0.0994000000000001,0.0994000000000001,0.1566852445935466,0.2045919374990375,-0.3710715641061922,2,0.9374754812545788,2,0.9374754812545788,0.8899999999999999,0.08419047619047629,0.0,0.3684210526315789,-0.5215789473684209,0.7185894344496065,0.4528571816990568
5,Daniil Medvedev,Marton Fucsovics,02:57:58,4,9,236,2,1,5,3,3,2,2,1,2,124,112,0,0,0,0,0,1,1,0,0,0,0,0,1,0,1,1,0,0,0,1,0,23.597,11.527,3,-0.1979003344773746,4,0,0,19,192,-1.1993905291837648,-0.3045239886262109,0.999913042143232,0.7110937665563714,-0.1721266962570986,3.0175000000000005,-3.0175000000000005,0.8030577093162647,0.769019304425533,-0.1808449822428915,2,0.797622050913699,0,0.797622050913699,0.8200000000000001,0.014190476190475348,0.0,0.3652173913043478,-0.45478260869565224,0.6894655851064267,0.4519039067030608
5,Daniil Medvedev,Marton Fucsovics,02:58:30,4,9,237,2,1,5,3,3,3,2,2,2,124,113,0,0,0,0,0,0,0,0,0,0,0,0,0,0,0,0,0,0,0,0,0,8.883,10.348,1,-1.1013015309747265,4,0,1,19,192,-2.173879918176931,-0.1551630420344563,0.9998702796695016,-0.3794088368296929,-0.258769166736051,-0.7325000000000008,0.7325000000000008,1.1964176964823114,0.8528987026209254,0.9795211324506712,1,1.5358700847962912,0,1.5358700847962912,0.75,0.055809523809523504,0.0,0.3620689655172414,-0.3879310344827586,0.8228635548491805,0.48978791637051977
5,Daniil Medvedev,Marton Fucsovics,02:59:10,4,9,238,2,1,5,3,3,4,2,2,1,125,113,0,0,0,0,1,0,1,0,0,0,0,0,1,0,0,0,0,0,0,0,0,10.891,11.358,2,-1.6761932014730414,2,1,0,19,192,-1.337775076893,-0.0555959740840688,0.9997636593516778,-0.2305893976833549,-0.1845461852400866,-0.1556666666666668,0.1556666666666668,0.7660285890715003,0.4800521176192103,0.5133782664271992,2,0.6276911027512109,0,0.6276911027512109,0.8899999999999999,0.08419047619047629,0.0,0.36752136752136755,-0.5224786324786324,0.6519657425917343,0.48746193201047633
5,Daniil Medvedev,Marton Fucsovics,02:59:51,4,9,239,2,1,5,3,3,3,2,1,2,125,114,0,0,0,0,0,0,0,0,0,1,0,0,0,0,0,0,0,0,0,0,0,36.528,41.48,9,0.7876282435197367,3,0,0,19,192,-0.08411199062588,-0.0555883609437323,0.9997636593516778,1.669452415760204,2.0290623777514383,-0.4951999999999996,0.4951999999999996,0.9070011883313108,0.5932508826256762,0.2846614909335409,2,0.7377366810155803,0,0.7377366810155803,0.77,0.03580952380952226,0.0,0.3644067796610169,-0.4055932203389831,0.6765007325586406,0.4883240636643097
5,Daniil Medvedev,Marton Fucsovics,03:00:40,4,9,240,2,1,5,3,3,4,2,1,2,125,115,2,0,0,0,0,1,0,0,0,0,0,0,1,0,1,0,0,0,0,0,0,32.38,25.94,7,0.7876282435197367,2,1,1,19,192,-0.0376747323300131,0.2928277470273568,0.9996809998710732,1.3620305862885858,0.8870572961204612,0.8050000000000002,-0.8050000000000002,1.1115543348924213,1.000086652942648,-0.0090710702899608,1,0.8951398292539525,2,0.8951398292539525,0.22999999999999998,0.06490196078431366,0.0,0.36134453781512604,0.13134453781512606,0.7099497129760398,0.5166556961461015
5,Daniil Medvedev,Marton Fucsovics,03:02:28,4,10,241,2,1,5,4,0,0,1,1,1,126,115,0,0,0,0,0,0,0,0,0,0,0,0,0,0,0,0,0,0,0,0,0,2.663,4.678,1,0.9518830065192552,3,1,1,19,192,-0.8733019615572001,0.1932420882379288,0.9994741665192032,-0.8403933545041063,-0.6754466965203266,-1.0075,1.0075,1.2595517511761585,0.92732024055468,0.4530465014202962,2,0.8212430364367369,0,0.8212430364367369,0.8400000000000001,0.03419047619047507,0.680327868852459,0.0,-0.15967213114754109,0.6945001385158499,0.5202935883668262
5,Daniil Medvedev,Marton Fucsovics,03:02:45,4,10,242,2,1,5,4,1,0,1,2,2,126,116,0,0,0,0,0,0,0,1,0,1,0,0,0,0,0,0,0,0,0,0,0,2.57,2.094,0,-1.6388135585900138e-16,4,0,0,19,193,-0.4553708752806606,0.0936706682480876,0.9994741665192032,-0.8472858882892703,-0.86533994818921,0.476,-0.476,0.6364266682148242,0.7248924751423338,-0.0446163255360759,1,0.9181030941092219,2,0.9181030941092219,0.6799999999999999,0.12580952380952376,0.6747967479674797,0.0,-0.005203252032520256,0.7146554404403207,0.5173143244181057
5,Daniil Medvedev,Marton Fucsovics,03:03:07,4,10,243,2,1,5,4,1,1,1,1,1,127,116,0,0,0,0,0,0,0,0,0,0,1,0,0,0,0,0,0,0,0,0,0,28.962,24.75,7,0.9518830065192552,3,1,0,19,193,-0.1767698959341119,0.6411369101475928,0.999357820299414,1.1087114413671797,0.7996064565361071,0.5265,-0.5265,0.4485128128247935,0.4809387920187388,0.0655248856256252,1,0.9943965331658378,2,0.9943965331658378,0.08000000000000007,0.08509803921568629,0.6774193548387096,0.0,0.5974193548387096,0.7299554448098727,0.5533600978812624
5,Daniil Medvedev,Marton Fucsovics,03:03:37,4,10,244,2,1,5,4,2,1,1,1,1,128,116,0,0,0,0,0,0,0,0,0,0,0,0,0,0,0,0,0,0,0,0,0,7.08,8.486,1,0.9518830065192552,4,0,0,19,193,-0.1303234268229804,0.1433385710376202,0.9994188962656984,-0.513035056342067,-0.3956040098503934,-0.7030000000000003,0.7030000000000003,0.9864173401102752,0.8767502439682404,0.2603122906683049,2,0.8852207566463003,2,0.8852207566463003,0.6000000000000001,0.12794871794871793,0.68,0.0,0.07999999999999996,0.707902920778613,0.5839820304872289
5,Daniil Medvedev,Marton Fucsovics,03:03:54,4,10,245,2,1,5,4,3,1,1,1,2,128,117,0,0,0,0,0,1,1,0,0,0,0,0,0,0,0,0,0,0,0,0,0,20.759,21.807,6,1.0340103880190143,1,0,0,19,193,-0.1303067009021196,-0.0059941114366964,0.9996103998791612,0.5007603162091068,0.5833309767909354,-0.1497142857142854,0.1497142857142854,0.1098630531586477,-0.098414260633153,0.0151626238277229,1,0.7020301445845837,2,0.7020301445845837,0.41999999999999993,0.05205128205128212,0.6746031746031746,0.0,0.2546031746031747,0.6686377275674302,0.6171436200951294
5,Daniil Medvedev,Marton Fucsovics,03:04:23,4,10,246,2,1,5,4,3,2,1,1,1,129,117,1,1,0,0,0,0,0,0,0,0,0,0,0,0,0,0,0,0,0,0,0,5.683,8.287,1,0.0484818100219032,3,0,1,19,193,-0.548092932411378,-0.0059932921336791,0.9996103998791612,-0.6165712896525423,-0.4102281418481131,-1.3020000000000005,1.3020000000000005,-0.2360496529220661,-0.2205684370748566,-0.0831434318266687,2,0.9370904350539617,0,0.9370904350539617,0.8700000000000001,0.06419047619047671,0.6771653543307087,0.0,-0.19283464566929143,0.7185115643700769,0.6526012974529862
